Id	Fontes	Ref_Cit
307890463	Akbari-Shandiz 2019	MEDICAL ENGINEERING & PHYSICS,JOURNAL OF EXPERIMENTAL BIOLOGY,MEDICAL ENGINEERING & PHYSICS,AMERICAN JOURNAL OF SPORTS MEDICINE,JOURNAL OF BIOMECHANICS,JOURNAL OF BIOMECHANICS,JOURNAL OF EXPERIMENTAL ZOOLOGY PART A-ECOLOGICAL AND INTEGRATIVE PHYSIOLOGY,JOURNAL OF BONE AND JOINT SURGERY-AMERICAN VOLUME,SPINE JOURNAL,JOURNAL OF ORTHOPAEDIC RESEARCH,JOURNAL OF MAGNETIC RESONANCE IMAGING,JOURNAL OF BIOMECHANICAL ENGINEERING-TRANSACTIONS OF THE ASME,JOURNAL OF BIOMECHANICS,AMERICAN JOURNAL OF SPORTS MEDICINE,RADIOLOGY,1999 IEEE NUCLEAR SCIENCE SYMPOSIUM - CONFERENCE RECORD, VOLS 1-3,PATTERN RECOGNITION,SIAM JOURNAL ON OPTIMIZATION,MAGNETIC RESONANCE IN MEDICINE,IEEE TRANSACTIONS ON PATTERN ANALYSIS AND MACHINE INTELLIGENCE,MEDICAL PHYSICS
307891259	Alexander 2018	FRONTIERS IN HUMAN NEUROSCIENCE,HUMAN MOVEMENT SCIENCE,MANUAL THERAPY,JOURNAL OF SHOULDER AND ELBOW SURGERY,JOURNAL OF BIOMECHANICS,CLINICAL BIOMECHANICS,JOURNAL OF BIOMECHANICS,JOURNAL OF SHOULDER AND ELBOW SURGERY,JOURNAL OF BIOMECHANICS,GAIT & POSTURE,JOURNAL OF BIOMECHANICS,GAIT & POSTURE,GAIT & POSTURE,GAIT & POSTURE,CLINICAL BIOMECHANICS,JOURNAL OF BONE AND JOINT SURGERY-AMERICAN VOLUME,GAIT & POSTURE,GAIT & POSTURE,GAIT & POSTURE,JOURNAL OF BIOMECHANICS,CLINICAL BIOMECHANICS,JOURNAL OF BIOMECHANICS,JOURNAL OF STRENGTH AND CONDITIONING RESEARCH,CLINICAL BIOMECHANICS,JOURNAL OF BIOMECHANICS,JOURNAL OF SHOULDER AND ELBOW SURGERY,JOURNAL OF BIOMECHANICAL ENGINEERING-TRANSACTIONS OF THE ASME,CLINICAL BIOMECHANICS,CLINICAL BIOMECHANICS,MEDICAL CARE
307891499	Bey 2006	JOURNAL OF BIOMECHANICS,JOURNAL OF ORTHOPAEDIC RESEARCH,AMERICAN JOURNAL OF SPORTS MEDICINE,JOURNAL OF BIOMECHANICAL ENGINEERING-TRANSACTIONS OF THE ASME,JOURNAL OF BONE AND JOINT SURGERY-AMERICAN VOLUME,JOURNAL OF ORTHOPAEDIC RESEARCH,ARCHIVES OF PHYSICAL MEDICINE AND REHABILITATION,JOURNAL OF BIOMECHANICAL ENGINEERING-TRANSACTIONS OF THE ASME,CLINICAL BIOMECHANICS,AMERICAN JOURNAL OF SPORTS MEDICINE,CLINICAL ORTHOPAEDICS AND RELATED RESEARCH,JOURNAL OF ORTHOPAEDIC & SPORTS PHYSICAL THERAPY,INVESTIGATIVE RADIOLOGY,CLINICAL BIOMECHANICS,JOURNAL OF ORTHOPAEDIC RESEARCH,JOURNAL OF SPORTS SCIENCES,JOURNAL OF SHOULDER AND ELBOW SURGERY,IEEE TRANSACTIONS ON MEDICAL IMAGING,AMERICAN JOURNAL OF SPORTS MEDICINE,JOURNAL OF SHOULDER AND ELBOW SURGERY,JOURNAL OF BIOMECHANICAL ENGINEERING-TRANSACTIONS OF THE ASME,AMERICAN JOURNAL OF SPORTS MEDICINE,JOURNAL OF ORTHOPAEDIC RESEARCH,JOURNAL OF ORTHOPAEDIC & SPORTS PHYSICAL THERAPY,JOURNAL OF SHOULDER AND ELBOW SURGERY,JOURNAL OF ORTHOPAEDIC & SPORTS PHYSICAL THERAPY,CLINICAL BIOMECHANICS,JOURNAL OF BIOMECHANICS,JOURNAL OF BIOMECHANICS,JOURNAL OF SHOULDER AND ELBOW SURGERY,JOURNAL OF BIOMECHANICS,RADIOLOGY,SURGICAL AND RADIOLOGIC ANATOMY,JOURNAL OF BIOMECHANICS,CLINICAL BIOMECHANICS,SURGICAL AND RADIOLOGIC ANATOMY,JOURNAL OF SHOULDER AND ELBOW SURGERY,JOURNAL OF ORTHOPAEDIC & SPORTS PHYSICAL THERAPY,SKELETAL RADIOLOGY,JOURNAL OF BIOMECHANICS,JOURNAL OF REHABILITATION RESEARCH AND DEVELOPMENT,AMERICAN JOURNAL OF SPORTS MEDICINE,JOURNAL OF SHOULDER AND ELBOW SURGERY,CANADIAN ASSOCIATION OF RADIOLOGISTS JOURNAL-JOURNAL DE L ASSOCIATION CANADIENNE DES RADIOLOGISTES,JOURNAL OF BIOMECHANICS,AMERICAN JOURNAL OF SPORTS MEDICINE,JOURNAL OF BIOMECHANICS,AMERICAN JOURNAL OF SPORTS MEDICINE,PERCEPTUAL AND MOTOR SKILLS,CLINICAL ORTHOPAEDICS AND RELATED RESEARCH,CLINICAL ORTHOPAEDICS AND RELATED RESEARCH,JOURNAL OF ORTHOPAEDIC & SPORTS PHYSICAL THERAPY,CLINICAL ORTHOPAEDICS AND RELATED RESEARCH,CLINICAL ORTHOPAEDICS AND RELATED RESEARCH,JOURNAL OF BONE AND JOINT SURGERY-AMERICAN VOLUME,JOURNAL OF ORTHOPAEDIC RESEARCH,JOURNAL OF BONE AND JOINT SURGERY-AMERICAN VOLUME,CLINICAL ORTHOPAEDICS AND RELATED RESEARCH,JOURNAL OF BONE AND JOINT SURGERY-AMERICAN VOLUME
307891493	Bourne 2007	JOURNAL OF BIOMECHANICS,CLINICAL BIOMECHANICS,CLINICAL BIOMECHANICS,ARCHIVES OF PHYSICAL MEDICINE AND REHABILITATION,JOURNAL OF SHOULDER AND ELBOW SURGERY,JOURNAL OF BIOMECHANICS,JOURNAL OF ORTHOPAEDIC & SPORTS PHYSICAL THERAPY,CLINICAL BIOMECHANICS,JOURNAL OF APPLIED BIOMECHANICS,CLINICAL BIOMECHANICS,JOURNAL OF ORTHOPAEDIC & SPORTS PHYSICAL THERAPY,JOURNAL OF BIOMECHANICS,CLINICAL ORTHOPAEDICS AND RELATED RESEARCH,JOURNAL OF BIOMECHANICS
307888812	Bourne 2009	PROCEEDINGS OF THE INSTITUTION OF MECHANICAL ENGINEERS PART H-JOURNAL OF ENGINEERING IN MEDICINE,IEEE TRANSACTIONS ON BIOMEDICAL ENGINEERING,JOURNAL OF BIOMECHANICS,GAIT & POSTURE,GAIT & POSTURE,GAIT & POSTURE,JOURNAL OF BIOMECHANICS,GAIT & POSTURE,JOURNAL OF BIOMECHANICAL ENGINEERING-TRANSACTIONS OF THE ASME,JOURNAL OF BIOMECHANICS,JOURNAL OF BIOMECHANICS,GAIT & POSTURE,JOURNAL OF BIOMECHANICS,JOURNAL OF APPLIED BIOMECHANICS,GAIT & POSTURE,JOURNAL OF BIOMECHANICS,HUMAN MOVEMENT SCIENCE,HUMAN MOVEMENT SCIENCE,SPINE,CLINICAL BIOMECHANICS,JOURNAL OF BIOMECHANICS,JOURNAL OF BIOMECHANICS,CLINICAL BIOMECHANICS,JOURNAL OF BIOMECHANICS,SPINE,JOURNAL OF BONE AND JOINT SURGERY-AMERICAN VOLUME,JOURNAL OF BONE AND JOINT SURGERY-AMERICAN VOLUME
307890851	Bourne 2011	JOURNAL OF BIOMECHANICAL ENGINEERING-TRANSACTIONS OF THE ASME,PROCEEDINGS OF THE INSTITUTION OF MECHANICAL ENGINEERS PART H-JOURNAL OF ENGINEERING IN MEDICINE,JOURNAL OF ORTHOPAEDIC & SPORTS PHYSICAL THERAPY,JOURNAL OF SHOULDER AND ELBOW SURGERY,CLINICAL BIOMECHANICS,CLINICAL ORTHOPAEDICS AND RELATED RESEARCH,CLINICAL BIOMECHANICS,PHYSICAL THERAPY,MEDICINE AND SCIENCE IN SPORTS AND EXERCISE,ARCHIVES OF PHYSICAL MEDICINE AND REHABILITATION,CLINICAL BIOMECHANICS,JOURNAL OF SHOULDER AND ELBOW SURGERY,JOURNAL OF BIOMECHANICAL ENGINEERING-TRANSACTIONS OF THE ASME,JOURNAL OF ORTHOPAEDIC & SPORTS PHYSICAL THERAPY,JOURNAL OF BIOMECHANICS,CLINICAL BIOMECHANICS,CLINICAL BIOMECHANICS,JOURNAL OF ORTHOPAEDIC & SPORTS PHYSICAL THERAPY,JOURNAL OF ORTHOPAEDIC & SPORTS PHYSICAL THERAPY,CLINICAL BIOMECHANICS,CLINICAL BIOMECHANICS,JOURNAL OF ORTHOPAEDIC & SPORTS PHYSICAL THERAPY,CLINICAL REHABILITATION,JOURNAL OF ORTHOPAEDIC & SPORTS PHYSICAL THERAPY,PSYCHOLOGICAL BULLETIN
307890663	Cereatti 2015	JOURNAL OF ORTHOPAEDIC SURGERY AND RESEARCH,JOURNAL OF SHOULDER AND ELBOW SURGERY,BONE & JOINT RESEARCH,HUMAN MOVEMENT SCIENCE,JOURNAL OF BIOMECHANICS,JOURNAL OF BIOMECHANICS,JOURNAL OF BIOMECHANICS,ANNALS OF BIOMEDICAL ENGINEERING,PROCEEDINGS OF THE INSTITUTION OF MECHANICAL ENGINEERS PART H-JOURNAL OF ENGINEERING IN MEDICINE,AMERICAN JOURNAL OF SPORTS MEDICINE,JOURNAL OF BIOMECHANICAL ENGINEERING-TRANSACTIONS OF THE ASME,MEDICAL & BIOLOGICAL ENGINEERING & COMPUTING,JOURNAL OF BONE AND JOINT SURGERY-AMERICAN VOLUME,GAIT & POSTURE,JOURNAL OF BIOMECHANICS,SPORTS MEDICINE,KNEE SURGERY SPORTS TRAUMATOLOGY ARTHROSCOPY,JOURNAL OF BIOMECHANICS,CLINICAL BIOMECHANICS,JOURNAL OF SHOULDER AND ELBOW SURGERY,CLINICAL BIOMECHANICS,JOURNAL OF BIOMECHANICS,AMERICAN JOURNAL OF SPORTS MEDICINE,AMERICAN JOURNAL OF SPORTS MEDICINE,ARCHIVES OF PHYSICAL MEDICINE AND REHABILITATION,PROCEEDINGS OF THE INSTITUTION OF MECHANICAL ENGINEERS PART H-JOURNAL OF ENGINEERING IN MEDICINE,CLINICAL BIOMECHANICS,MEDICAL & BIOLOGICAL ENGINEERING & COMPUTING,JOURNAL OF ORTHOPAEDIC & SPORTS PHYSICAL THERAPY,JOURNAL OF BIOMECHANICS,HUMAN MOVEMENT SCIENCE,CLINICAL BIOMECHANICS,JOURNAL OF BIOMECHANICS,CLINICAL BIOMECHANICS,JOURNAL OF BIOMECHANICS
307891403	Chu 2012	JOURNAL OF APPLIED BIOMECHANICS,JOURNAL OF BIOMECHANICS,CLINICAL BIOMECHANICS,JOURNAL OF BIOMECHANICAL ENGINEERING-TRANSACTIONS OF THE ASME,PHYSICAL THERAPY,JOURNAL OF ORTHOPAEDIC & SPORTS PHYSICAL THERAPY,JOURNAL OF BIOMECHANICS,AMERICAN JOURNAL OF SPORTS MEDICINE,ARCHIVES OF PHYSICAL MEDICINE AND REHABILITATION,CLINICAL BIOMECHANICS,CLINICAL BIOMECHANICS,JOURNAL OF SHOULDER AND ELBOW SURGERY,JOURNAL OF BIOMECHANICAL ENGINEERING-TRANSACTIONS OF THE ASME,JOURNAL OF BONE AND JOINT SURGERY-AMERICAN VOLUME,PHYSICAL THERAPY,CLINICAL BIOMECHANICS,JOURNAL OF ORTHOPAEDIC & SPORTS PHYSICAL THERAPY,AMERICAN JOURNAL OF SPORTS MEDICINE,ARTHROSCOPY,CLINICAL BIOMECHANICS,JOURNAL OF BONE AND JOINT SURGERY-AMERICAN VOLUME
307891485	Crosbie 2008	CLINICAL BIOMECHANICS,CLINICAL BIOMECHANICS,CLINICAL BIOMECHANICS,CLINICAL BIOMECHANICS,CLINICAL BIOMECHANICS,JOURNAL OF BIOMECHANICS,CLINICAL BIOMECHANICS,CLINICAL BIOMECHANICS,CLINICAL ORTHOPAEDICS AND RELATED RESEARCH,CLINICAL BIOMECHANICS,JOURNAL OF APPLIED BIOMECHANICS,ANNALS OF THE RHEUMATIC DISEASES,JOURNAL OF SHOULDER AND ELBOW SURGERY,JOURNAL OF BIOMECHANICS,CLINICAL BIOMECHANICS,CLINICAL BIOMECHANICS,CLINICAL BIOMECHANICS,JOURNAL OF ORTHOPAEDIC & SPORTS PHYSICAL THERAPY,JOURNAL OF ORTHOPAEDIC & SPORTS PHYSICAL THERAPY,CLINICAL BIOMECHANICS,CLINICAL BIOMECHANICS,CLINICAL BIOMECHANICS,CLINICAL BIOMECHANICS,CLINICAL BIOMECHANICS,AMERICAN JOURNAL OF PHYSICAL MEDICINE & REHABILITATION,AMERICAN JOURNAL OF SPORTS MEDICINE,JOURNAL OF BONE AND JOINT SURGERY-AMERICAN VOLUME
307888965	Cutti 2008	JOURNAL OF BIOMECHANICS,MANUAL THERAPY,PHYSICAL THERAPY,MEDICAL & BIOLOGICAL ENGINEERING & COMPUTING,JOURNAL OF HAND THERAPY,CLINICAL BIOMECHANICS,JOURNAL OF BIOMECHANICS,GAIT & POSTURE,AMERICAN JOURNAL OF PHYSICAL MEDICINE & REHABILITATION,JOURNAL OF SHOULDER AND ELBOW SURGERY,JOURNAL OF SHOULDER AND ELBOW SURGERY,JOURNAL OF SHOULDER AND ELBOW SURGERY,JOURNAL OF BIOMECHANICAL ENGINEERING-TRANSACTIONS OF THE ASME,JOURNAL OF BIOMECHANICS,JOURNAL OF BIOMECHANICS,PHYSICAL THERAPY,CLINICAL BIOMECHANICS,PROCEEDINGS OF THE INSTITUTION OF MECHANICAL ENGINEERS PART H-JOURNAL OF ENGINEERING IN MEDICINE,JOURNAL OF BIOMECHANICS,JOURNAL OF BIOMECHANICS
307890692	Cutti 2014	BRITISH JOURNAL OF SPORTS MEDICINE,JOURNAL OF SHOULDER AND ELBOW SURGERY,AMERICAN JOURNAL OF INDUSTRIAL MEDICINE,JOURNAL OF THE AMERICAN ACADEMY OF ORTHOPAEDIC SURGEONS,GAIT & POSTURE,SCANDINAVIAN JOURNAL OF MEDICINE & SCIENCE IN SPORTS,JOURNAL OF SHOULDER AND ELBOW SURGERY,JOURNAL OF SHOULDER AND ELBOW SURGERY,MEDICAL & BIOLOGICAL ENGINEERING & COMPUTING,CLINICAL BIOMECHANICS,JOURNAL OF BONE AND JOINT SURGERY-AMERICAN VOLUME,JOURNAL OF ORTHOPAEDIC & SPORTS PHYSICAL THERAPY,GAIT & POSTURE,GAIT & POSTURE,CLINICAL BIOMECHANICS,MEDICAL & BIOLOGICAL ENGINEERING & COMPUTING,JOURNAL OF BIOMECHANICS,MANUAL THERAPY,CLINICAL BIOMECHANICS,INJURY-INTERNATIONAL JOURNAL OF THE CARE OF THE INJURED,CLINICAL BIOMECHANICS,JOURNAL OF BIOMECHANICS,GAIT & POSTURE,JOURNAL OF ORTHOPAEDIC & SPORTS PHYSICAL THERAPY,JOURNAL OF REHABILITATION RESEARCH AND DEVELOPMENT,AMERICAN JOURNAL OF PHYSICAL MEDICINE & REHABILITATION,JOURNAL OF SHOULDER AND ELBOW SURGERY,CLINICAL BIOMECHANICS,GAIT & POSTURE,JOURNAL OF SHOULDER AND ELBOW SURGERY,JOURNAL OF BIOMECHANICAL ENGINEERING-TRANSACTIONS OF THE ASME,CLINICAL BIOMECHANICS,JOURNAL OF SHOULDER AND ELBOW SURGERY,GAIT & POSTURE,ANNALS OF STATISTICS
307891381	de Baets 2013	JOURNAL OF ELECTROMYOGRAPHY AND KINESIOLOGY,STROKE,JOURNAL OF NEUROLOGIC PHYSICAL THERAPY,GAIT & POSTURE,JOURNAL OF MOTOR BEHAVIOR,ARCHIVES OF PHYSICAL MEDICINE AND REHABILITATION,GAIT & POSTURE,ARCHIVES OF PHYSICAL MEDICINE AND REHABILITATION,JOURNAL OF REHABILITATION MEDICINE,PHYSICAL THERAPY,BMC MUSCULOSKELETAL DISORDERS,ARCHIVES OF PHYSICAL MEDICINE AND REHABILITATION,STROKE,JOURNAL OF BIOMECHANICS,JOURNAL OF ORTHOPAEDIC & SPORTS PHYSICAL THERAPY,CLINICAL BIOMECHANICS,JOURNAL OF BIOMECHANICS,AMERICAN JOURNAL OF PHYSICAL MEDICINE & REHABILITATION,JOURNAL OF STRENGTH AND CONDITIONING RESEARCH,GAIT & POSTURE,STROKE,PHYSICAL THERAPY,CLINICAL BIOMECHANICS,MEDICAL CARE,JOURNAL OF ORTHOPAEDIC RESEARCH,BRITISH MEDICAL JOURNAL
307891224	de Baets 2020	SENSORS,GAIT & POSTURE,MANUAL THERAPY,JOURNAL OF BIOMECHANICS,SENSORS,JOURNAL OF OCCUPATIONAL MEDICINE AND TOXICOLOGY,PHYSIOTHERAPY,MEDICAL & BIOLOGICAL ENGINEERING & COMPUTING,CLINICAL RHEUMATOLOGY,MEDICAL & BIOLOGICAL ENGINEERING & COMPUTING,JOURNAL OF ORTHOPAEDIC & SPORTS PHYSICAL THERAPY,GAIT & POSTURE,JOURNAL OF THE AMERICAN ACADEMY OF ORTHOPAEDIC SURGEONS,JOURNAL OF SHOULDER AND ELBOW SURGERY,JOURNAL OF REHABILITATION MEDICINE,JOURNAL OF SHOULDER AND ELBOW SURGERY,MEDICAL & BIOLOGICAL ENGINEERING & COMPUTING,GAIT & POSTURE,JOURNAL OF BIOMECHANICS,CLINICAL BIOMECHANICS,JOURNAL OF BIOMECHANICS,JOURNAL OF STRENGTH AND CONDITIONING RESEARCH
307888762	Fayad 2006	CLINICAL BIOMECHANICS,CLINICAL BIOMECHANICS,JOURNAL OF SHOULDER AND ELBOW SURGERY,JOURNAL OF BIOMECHANICS,AMERICAN JOURNAL OF SPORTS MEDICINE,EXPERIMENTAL BRAIN RESEARCH,CLINICAL BIOMECHANICS,CLINICAL ORTHOPAEDICS AND RELATED RESEARCH,JOURNAL OF APPLIED BIOMECHANICS,ANNALS OF THE RHEUMATIC DISEASES,ARCHIVES OF PHYSICAL MEDICINE AND REHABILITATION,JOURNAL OF BIOMECHANICAL ENGINEERING-TRANSACTIONS OF THE ASME,JOURNAL OF ORTHOPAEDIC & SPORTS PHYSICAL THERAPY,JOURNAL OF BIOMECHANICS,PHYSICAL THERAPY,CLINICAL BIOMECHANICS,JOURNAL OF ORTHOPAEDIC & SPORTS PHYSICAL THERAPY,CLINICAL BIOMECHANICS,CLINICAL BIOMECHANICS,CLINICAL BIOMECHANICS,JOURNAL OF ORTHOPAEDIC & SPORTS PHYSICAL THERAPY,JOURNAL OF SHOULDER AND ELBOW SURGERY,BRITISH MEDICAL JOURNAL,JOURNAL OF ORTHOPAEDIC & SPORTS PHYSICAL THERAPY,JOURNAL OF NEUROSCIENCE,CLINICAL BIOMECHANICS,JOURNAL OF BIOMECHANICAL ENGINEERING-TRANSACTIONS OF THE ASME,ANNALS OF THE RHEUMATIC DISEASES,CLINICAL ORTHOPAEDICS AND RELATED RESEARCH,CLINICAL BIOMECHANICS,JOURNAL OF RHEUMATOLOGY,CLINICAL ORTHOPAEDICS AND RELATED RESEARCH,ARTHRITIS AND RHEUMATISM,JOURNAL OF BONE AND JOINT SURGERY-AMERICAN VOLUME
307891026	Finley 2003	JOURNAL OF BIOMECHANICAL ENGINEERING-TRANSACTIONS OF THE ASME,ORTHOPEDIC CLINICS OF NORTH AMERICA,PHYSICAL THERAPY,ARCHIVES OF PHYSICAL MEDICINE AND REHABILITATION,JOURNAL OF ORTHOPAEDIC & SPORTS PHYSICAL THERAPY,ARCHIVES OF PHYSICAL MEDICINE AND REHABILITATION,JOURNAL OF ORTHOPAEDIC & SPORTS PHYSICAL THERAPY,JOURNAL OF ORTHOPAEDIC & SPORTS PHYSICAL THERAPY,JOURNAL OF ORTHOPAEDIC & SPORTS PHYSICAL THERAPY,JOURNAL OF ORTHOPAEDIC & SPORTS PHYSICAL THERAPY,CLINICAL BIOMECHANICS,AMERICAN JOURNAL OF SPORTS MEDICINE,JOURNAL OF ORTHOPAEDIC & SPORTS PHYSICAL THERAPY,CLINICAL BIOMECHANICS,CLINICAL BIOMECHANICS,JOURNAL OF BIOMECHANICS,JOURNAL OF BIOMECHANICS,JOURNAL OF BIOMECHANICAL ENGINEERING-TRANSACTIONS OF THE ASME,JOURNAL OF BONE AND JOINT SURGERY-AMERICAN VOLUME,JOURNAL OF BONE AND JOINT SURGERY-AMERICAN VOLUME
307891249	Gonçalves 2019	GAIT & POSTURE,CURRENT REVIEWS IN MUSCULOSKELETAL MEDICINE,JOURNAL OF BIOMECHANICS,JOURNAL OF BIOMECHANICS,GAIT & POSTURE,JOVE-JOURNAL OF VISUALIZED EXPERIMENTS,JOURNAL OF BIOMECHANICS,JOURNAL OF ORTHOPAEDIC & SPORTS PHYSICAL THERAPY,GAIT & POSTURE,GAIT & POSTURE,JOURNAL OF APPLIED BIOMECHANICS,MANUAL THERAPY,JOURNAL OF BIOMECHANICS,ANNALS OF BIOMEDICAL ENGINEERING,ARCHIVES OF PHYSICAL MEDICINE AND REHABILITATION,BMC MUSCULOSKELETAL DISORDERS,JOURNAL OF BIOMECHANICS,GAIT & POSTURE,JOURNAL OF STRENGTH AND CONDITIONING RESEARCH,GAIT & POSTURE,CLINICAL BIOMECHANICS,AMERICAN JOURNAL OF MENTAL DEFICIENCY
307891369	Haik 2014	JOURNAL OF APPLIED BIOMECHANICS,JOURNAL OF SHOULDER AND ELBOW SURGERY,JOURNAL OF ELECTROMYOGRAPHY AND KINESIOLOGY,JOURNAL OF SPORT REHABILITATION,ARCHIVES OF PHYSICAL MEDICINE AND REHABILITATION,ARCHIVES OF PHYSICAL MEDICINE AND REHABILITATION,MANUAL THERAPY,JOURNAL OF ORTHOPAEDIC & SPORTS PHYSICAL THERAPY,BRITISH JOURNAL OF SPORTS MEDICINE,JOURNAL OF SHOULDER AND ELBOW SURGERY,JOURNAL OF SHOULDER AND ELBOW SURGERY,AMERICAN JOURNAL OF SPORTS MEDICINE,JOURNAL OF REHABILITATION MEDICINE,JOURNAL OF ORTHOPAEDIC & SPORTS PHYSICAL THERAPY,JOURNAL OF ORTHOPAEDIC & SPORTS PHYSICAL THERAPY,JOURNAL OF CLINICAL EPIDEMIOLOGY,PHYSICAL THERAPY,AMERICAN JOURNAL OF PHYSICAL MEDICINE & REHABILITATION,JOURNAL OF BIOMECHANICS,JOURNAL OF ORTHOPAEDIC & SPORTS PHYSICAL THERAPY,JOURNAL OF STRENGTH AND CONDITIONING RESEARCH,PHYSICAL THERAPY,JOURNAL OF ORTHOPAEDIC & SPORTS PHYSICAL THERAPY,CLINICAL BIOMECHANICS,ANNALS OF INTERNAL MEDICINE,JOURNAL OF BIOMECHANICAL ENGINEERING-TRANSACTIONS OF THE ASME,QUALITY OF LIFE RESEARCH,PHYSICAL THERAPY,JOURNAL OF ORTHOPAEDIC & SPORTS PHYSICAL THERAPY,JOURNAL OF ORTHOPAEDIC & SPORTS PHYSICAL THERAPY,JOURNAL OF ORTHOPAEDIC & SPORTS PHYSICAL THERAPY,AMERICAN JOURNAL OF SPORTS MEDICINE,AMERICAN JOURNAL OF SPORTS MEDICINE,PSYCHOLOGICAL BULLETIN,JOURNAL OF BONE AND JOINT SURGERY-AMERICAN VOLUME
307889092	Hajizadeh 2019	JOURNAL OF BIOMECHANICS,CANADIAN JOURNAL OF APPLIED PHYSIOLOGY,MULTIBODY SYSTEM DYNAMICS,IEEE TRANSACTIONS ON BIOMEDICAL ENGINEERING,JOURNAL OF SHOULDER AND ELBOW SURGERY,JOURNAL OF BIOMECHANICS,CLINICAL BIOMECHANICS,ADVANCES IN ROBOT KINEMATICS,JOURNAL OF BIOMECHANICS,PHYSICAL THERAPY IN SPORT,DOES THE ASSESSOR’S EXPERIENCE MATTER WHEN WE EVALUATE THE KINEMATICS OF THE UPPER LIMB?,AMERICAN JOURNAL OF INDUSTRIAL MEDICINE,J BONE JOINT SURG,JOURNAL OF BIOMECHANICS,JOURNAL OF SHOULDER AND ELBOW SURGERY,JOURNAL OF ORTHOPAEDIC RESEARCH,GAIT AND POSTURE,JOURNAL OF ORTHOPAEDIC AND SPORTS PHYSICAL THERAPY,JOURNAL OF SHOULDER AND ELBOW SURGERY,INTERNATIONAL BIOMECHANICS,JOURNAL OF BIOMECHANICS,COMPUTER METHODS IN BIOMECHANICS AND BIOMEDICAL ENGINEERING,ANNALS OF THE RHEUMATIC DISEASES,CLINICAL ORTHOPAEDICS AND RELATED RESEARCH,JOURNAL OF BIOMECHANICS,EXPERIMENTAL BRAIN RESEARCH,JOURNAL OF SHOULDER AND ELBOW SURGERY
307891241	Hansen 2019	DISABILITY AND REHABILITATION,JOURNAL OF BIOMECHANICS,TOPICS IN STROKE REHABILITATION,JOURNAL OF ELECTROMYOGRAPHY AND KINESIOLOGY,TRIALS,INTERNATIONAL JOURNAL OF STROKE,MOTOR CONTROL,PHYSIOLOGICAL MEASUREMENT,JOURNAL OF NEUROENGINEERING AND REHABILITATION,NEUROREHABILITATION AND NEURAL REPAIR,HUMAN MOVEMENT SCIENCE,JOURNAL OF NEUROENGINEERING AND REHABILITATION,NEUROREHABILITATION AND NEURAL REPAIR,PLOS ONE,NEUROREHABILITATION,ARCHIVES OF PHYSICAL MEDICINE AND REHABILITATION,JOURNAL OF MANIPULATIVE AND PHYSIOLOGICAL THERAPEUTICS,BMC NEUROLOGY,PLOS ONE,JOURNAL OF ELECTROMYOGRAPHY AND KINESIOLOGY,JOURNAL OF HAND THERAPY,INDIAN JOURNAL OF ORTHOPAEDICS,JOURNAL OF ELECTROMYOGRAPHY AND KINESIOLOGY,JOURNAL OF BIOMECHANICS,NEUROREHABILITATION,DISABILITY AND REHABILITATION,INTERNATIONAL JOURNAL OF NURSING STUDIES,GAIT & POSTURE,ANNALS OF BIOMEDICAL ENGINEERING,GAIT & POSTURE,JOURNAL OF BONE AND JOINT SURGERY-AMERICAN VOLUME,BMC MUSCULOSKELETAL DISORDERS,JAMA-JOURNAL OF THE AMERICAN MEDICAL ASSOCIATION,DISABILITY AND REHABILITATION,JOURNAL OF BIOMECHANICS,GAIT & POSTURE,STROKE
307890574	Herisson 2017	JOURNAL OF SHOULDER AND ELBOW SURGERY,COMPUTER METHODS IN BIOMECHANICS AND BIOMEDICAL ENGINEERING,CLINICAL BIOMECHANICS,CLINICAL BIOMECHANICS,CLINICAL BIOMECHANICS,JOURNAL OF BIOMECHANICS,JOURNAL OF HAND SURGERY-AMERICAN VOLUME,ORTHOPAEDICS & TRAUMATOLOGY-SURGERY & RESEARCH,JOURNAL OF THE AMERICAN ACADEMY OF ORTHOPAEDIC SURGEONS,GAIT & POSTURE,CLINICAL BIOMECHANICS,GAIT & POSTURE,DEVELOPMENTAL MEDICINE AND CHILD NEUROLOGY,JOURNAL OF PEDIATRIC ORTHOPAEDICS-PART B,ACTA OBSTETRICIA ET GYNECOLOGICA SCANDINAVICA,JOURNAL OF PEDIATRIC ORTHOPAEDICS-PART B,CLINICAL BIOMECHANICS,JOURNAL OF BIOMECHANICS,JOURNAL OF PEDIATRIC ORTHOPAEDICS,JOURNAL OF BONE AND JOINT SURGERY-AMERICAN VOLUME,JOURNAL OF HAND SURGERY-AMERICAN VOLUME,JOURNAL OF BIOMECHANICAL ENGINEERING-TRANSACTIONS OF THE ASME,CLINICAL REHABILITATION,CURRENT OPINION IN PEDIATRICS,JOURNAL OF BONE AND JOINT SURGERY-AMERICAN VOLUME,PLASTIC AND RECONSTRUCTIVE SURGERY,REVUE DE CHIRURGIE ORTHOPEDIQUE ET REPARATRICE DE L APPAREIL MOTEUR
307888488	Höglund 2021	JOURNAL OF PEDIATRIC ORTHOPAEDICS,JOURNAL OF BONE AND JOINT SURGERY-AMERICAN VOLUME,DEVELOPMENTAL MEDICINE AND CHILD NEUROLOGY,JOURNAL OF HAND SURGERY-AMERICAN VOLUME,MEDICAL & BIOLOGICAL ENGINEERING & COMPUTING,MANUAL THERAPY,SENSORS,GAIT & POSTURE,IEEE AEROSPACE AND ELECTRONIC SYSTEMS MAGAZINE,JOURNAL OF BIOMECHANICS,JOURNAL OF BIOMECHANICS,JOURNAL OF BIOMECHANICS,JOURNAL OF BONE AND JOINT SURGERY-AMERICAN VOLUME,PHYSIOLOGICAL MEASUREMENT,NEUROSURGERY CLINICS OF NORTH AMERICA,JOURNAL OF APPLIED BIOMECHANICS,CURRENT PROBLEMS IN PEDIATRIC AND ADOLESCENT HEALTH CARE,SENSORS,MEDICAL & BIOLOGICAL ENGINEERING & COMPUTING,GAIT & POSTURE,SENSORS,JOURNAL OF SHOULDER AND ELBOW SURGERY,CLINICAL BIOMECHANICS,CLINICAL BIOMECHANICS,JOURNAL OF BIOMECHANICS
307891503	Illyés 2006	CLINICAL BIOMECHANICS,CLINICAL BIOMECHANICS,CLINICAL BIOMECHANICS,CLINICAL BIOMECHANICS,JOURNAL OF BIOMECHANICS,CLINICAL BIOMECHANICS,JOURNAL OF BIOMECHANICS,JOURNAL OF BIOMECHANICS,JOURNAL OF BIOMECHANICS,CLINICAL BIOMECHANICS,JOURNAL OF BIOMECHANICS,CLINICAL BIOMECHANICS,JOURNAL OF BIOMECHANICAL ENGINEERING-TRANSACTIONS OF THE ASME,JOURNAL OF BIOMECHANICS,CLINICAL BIOMECHANICS,JOURNAL OF MEDICAL ENGINEERING & TECHNOLOGY,CLINICAL ORTHOPAEDICS AND RELATED RESEARCH,JOURNAL OF BONE AND JOINT SURGERY-AMERICAN VOLUME
307890853	Jaspers 2011’	GAIT & POSTURE,GAIT & POSTURE,GAIT & POSTURE,ORTHOPAEDICS & TRAUMATOLOGY-SURGERY & RESEARCH,MEDICAL & BIOLOGICAL ENGINEERING & COMPUTING,GAIT & POSTURE,CLINICAL BIOMECHANICS,MEDICAL & BIOLOGICAL ENGINEERING & COMPUTING,GAIT & POSTURE,GAIT & POSTURE,GAIT & POSTURE,GAIT & POSTURE,EXPERIMENTAL BRAIN RESEARCH,CLINICAL BIOMECHANICS,JOURNAL OF BIOMECHANICS,JOURNAL OF BIOMECHANICS,JOURNAL OF STRENGTH AND CONDITIONING RESEARCH,GAIT & POSTURE,EXPERIMENTAL BRAIN RESEARCH,GAIT & POSTURE,JOURNAL OF BIOMECHANICS,JOURNAL OF BIOMECHANICS,JOURNAL OF BIOMECHANICS,MEDICAL CARE,JOURNAL OF ORTHOPAEDIC RESEARCH
307891426	Jaspers 2011’’	JOURNAL OF BIOMECHANICS,DEVELOPMENTAL MEDICINE AND CHILD NEUROLOGY,GAIT & POSTURE,GAIT & POSTURE,GAIT & POSTURE,PHYSICAL MEDICINE AND REHABILITATION CLINICS OF NORTH AMERICA,GAIT & POSTURE,CLINICAL BIOMECHANICS,GAIT & POSTURE,GAIT & POSTURE,ARCHIVES OF PHYSICAL MEDICINE AND REHABILITATION,JOURNAL OF BONE AND JOINT SURGERY-AMERICAN VOLUME,GAIT & POSTURE,CLINICAL BIOMECHANICS,JOURNAL OF BIOMECHANICS,JOURNAL OF STRENGTH AND CONDITIONING RESEARCH,GAIT & POSTURE,DEVELOPMENTAL MEDICINE AND CHILD NEUROLOGY,JOURNAL OF BIOMECHANICS,JOURNAL OF BIOMECHANICS,JOURNAL OF ORTHOPAEDIC RESEARCH,JOURNAL OF BONE AND JOINT SURGERY-AMERICAN VOLUME
307891052	Karduna 2001	PHYSICAL THERAPY,CLINICAL ORTHOPAEDICS AND RELATED RESEARCH,JOURNAL OF BIOMECHANICS,JOURNAL OF ORTHOPAEDIC & SPORTS PHYSICAL THERAPY,JOURNAL OF BIOMECHANICS,CLINICAL BIOMECHANICS,JOURNAL OF BIOMECHANICAL ENGINEERING-TRANSACTIONS OF THE ASME,JOURNAL OF BIOMECHANICS,JOURNAL OF APPLIED BIOMECHANICS,JOURNAL OF ORAL REHABILITATION,CLINICAL BIOMECHANICS,JOURNAL OF ORTHOPAEDIC & SPORTS PHYSICAL THERAPY,CLINICAL BIOMECHANICS,JOURNAL OF SHOULDER AND ELBOW SURGERY,GAIT & POSTURE,JOURNAL OF BIOMECHANICS,GAIT & POSTURE,HUMAN MOVEMENT SCIENCE,CLINICAL BIOMECHANICS,JOURNAL OF ORTHOPAEDIC RESEARCH,JOURNAL OF ORTHOPAEDIC & SPORTS PHYSICAL THERAPY,HUMAN MOVEMENT SCIENCE,CLINICAL BIOMECHANICS,CLINICAL BIOMECHANICS,JOURNAL OF BIOMECHANICAL ENGINEERING-TRANSACTIONS OF THE ASME,ARCHIVES OF PHYSICAL MEDICINE AND REHABILITATION,CLINICAL BIOMECHANICS,CLINICAL BIOMECHANICS,CLINICAL ORTHOPAEDICS AND RELATED RESEARCH,JOURNAL OF BIOMECHANICS,JOURNAL OF ORTHOPAEDIC RESEARCH,JOURNAL OF BIOMECHANICS,EQUINE VETERINARY JOURNAL,JOURNAL OF BIOMECHANICS,JOURNAL OF BONE AND JOINT SURGERY-AMERICAN VOLUME,JOURNAL OF BONE AND JOINT SURGERY-AMERICAN VOLUME
307891081	Koh 1998	JOURNAL OF BIOMECHANICAL ENGINEERING-TRANSACTIONS OF THE ASME,JOURNAL OF BIOMECHANICS,JOURNAL OF BIOMECHANICS,JOURNAL OF BIOMECHANICS,JOURNAL OF BONE AND JOINT SURGERY-AMERICAN VOLUME,JOURNAL OF BONE AND JOINT SURGERY-AMERICAN VOLUME
307891213	Kolz 2020	JOURNAL OF SHOULDER AND ELBOW SURGERY,MEDICAL & BIOLOGICAL ENGINEERING & COMPUTING,JOURNAL OF APPLIED BIOMECHANICS,4TH INTERNATIONAL CONFERENCE ON CIVIL AND ENVIRONMENTAL ENGINEERING FOR SUSTAINABILITY (ICONCEES 2017),JOURNAL OF THE BELGIAN SOCIETY OF RADIOLOGY,ANNALS OF BIOMEDICAL ENGINEERING,MEDICAL ENGINEERING & PHYSICS,PLOS ONE,GAIT & POSTURE,JOURNAL OF APPLIED BIOMECHANICS,JOURNAL OF APPLIED BIOMECHANICS,BONE & JOINT JOURNAL,JOURNAL OF BIOMECHANICS,JOURNAL OF BIOMECHANICS,JOURNAL OF BIOMECHANICS,JOURNAL OF SHOULDER AND ELBOW SURGERY,JOURNAL OF GUIDANCE CONTROL AND DYNAMICS,JOURNAL OF SHOULDER AND ELBOW SURGERY,JOURNAL OF BIOMECHANICS,CLINICAL BIOMECHANICS,JOURNAL OF BIOMECHANICAL ENGINEERING-TRANSACTIONS OF THE ASME,JOURNAL OF ORTHOPAEDIC SCIENCE,JOURNAL OF BIOMECHANICS,JOURNAL OF BIOMECHANICS,JOURNAL OF BIOMECHANICS
307891243	Lang 2019	JOURNAL OF BIOMECHANICS,JOURNAL OF THE AMERICAN COLLEGE OF CARDIOLOGY,BRITISH JOURNAL OF SPORTS MEDICINE,JOURNAL OF ELECTROMYOGRAPHY AND KINESIOLOGY,BRITISH JOURNAL OF SPORTS MEDICINE,BRAZILIAN JOURNAL OF PHYSICAL THERAPY,HUMAN MOVEMENT SCIENCE,HUMAN MOVEMENT SCIENCE,JOURNAL OF BIOMECHANICS,PHYSICAL THERAPY,BRITISH JOURNAL OF SPORTS MEDICINE,BREAST CANCER RESEARCH AND TREATMENT,JOURNAL OF SHOULDER AND ELBOW SURGERY,MEDICAL & BIOLOGICAL ENGINEERING & COMPUTING,JOURNAL OF BONE AND JOINT SURGERY-AMERICAN VOLUME,JOURNAL OF ORTHOPAEDIC & SPORTS PHYSICAL THERAPY,GAIT & POSTURE,JOURNAL OF BIOMECHANICS,JOURNAL OF BIOMECHANICS,PHYSICAL THERAPY,JOURNAL OF BIOMECHANICS,JOURNAL OF SHOULDER AND ELBOW SURGERY,JOURNAL OF BIOMECHANICAL ENGINEERING-TRANSACTIONS OF THE ASME,JOURNAL OF ORTHOPAEDIC & SPORTS PHYSICAL THERAPY,ANNALS OF THE RHEUMATIC DISEASES,JOURNAL OF ORTHOPAEDIC & SPORTS PHYSICAL THERAPY,CLINICAL BIOMECHANICS,JOURNAL OF CLINICAL ONCOLOGY,CLINICAL BIOMECHANICS,AMERICAN JOURNAL OF PHYSICAL MEDICINE & REHABILITATION
307890988	Lin 2005’	MEDICAL CARE,ANNALS OF THE RHEUMATIC DISEASES,ARCHIVES OF PHYSICAL MEDICINE AND REHABILITATION,JOURNAL OF BIOMECHANICAL ENGINEERING-TRANSACTIONS OF THE ASME,PHYSICAL THERAPY,RHEUMATOLOGY,PHYSICAL THERAPY,ARCHIVES OF PHYSICAL MEDICINE AND REHABILITATION,JOURNAL OF ORTHOPAEDIC & SPORTS PHYSICAL THERAPY,CLINICAL BIOMECHANICS,CLINICAL BIOMECHANICS,DISABILITY AND REHABILITATION,JOURNAL OF ORTHOPAEDIC & SPORTS PHYSICAL THERAPY,MUSCLE & NERVE,MEDICAL & BIOLOGICAL ENGINEERING & COMPUTING,PHYSICAL THERAPY,AMERICAN JOURNAL OF SPORTS MEDICINE,PAIN,AMERICAN JOURNAL OF OCCUPATIONAL THERAPY,ARCHIVES OF PHYSICAL MEDICINE AND REHABILITATION,JOURNAL OF ORTHOPAEDIC & SPORTS PHYSICAL THERAPY,AMERICAN JOURNAL OF SPORTS MEDICINE,CLINICAL ORTHOPAEDICS AND RELATED RESEARCH,JOURNAL OF THE AMERICAN GERIATRICS SOCIETY,ANNALS OF THE RHEUMATIC DISEASES,CLINICAL ORTHOPAEDICS AND RELATED RESEARCH,JOURNAL OF BIOMECHANICS,JOURNAL OF ORTHOPAEDIC RESEARCH,CLINICAL BIOMECHANICS,BRITISH MEDICAL JOURNAL,SCANDINAVIAN JOURNAL OF REHABILITATION MEDICINE,SCANDINAVIAN JOURNAL OF REHABILITATION MEDICINE,PHYSICAL THERAPY,AMERICAN JOURNAL OF PHYSICAL MEDICINE & REHABILITATION,PSYCHOLOGICAL BULLETIN
307891511	Lin 2005’’	MEDICAL CARE,CLINICAL BIOMECHANICS,ARCHIVES OF PHYSICAL MEDICINE AND REHABILITATION,JOURNAL OF SHOULDER AND ELBOW SURGERY,JOURNAL OF BIOMECHANICAL ENGINEERING-TRANSACTIONS OF THE ASME,RHEUMATOLOGY,PHYSICAL THERAPY,JOURNAL OF ORTHOPAEDIC & SPORTS PHYSICAL THERAPY,CLINICAL BIOMECHANICS,CLINICAL BIOMECHANICS,CLINICAL BIOMECHANICS,DISABILITY AND REHABILITATION,JOURNAL OF ORTHOPAEDIC & SPORTS PHYSICAL THERAPY,JOURNAL OF ORTHOPAEDIC & SPORTS PHYSICAL THERAPY,PAIN,AMERICAN JOURNAL OF OCCUPATIONAL THERAPY,ARCHIVES OF PHYSICAL MEDICINE AND REHABILITATION,JOURNAL OF ORTHOPAEDIC & SPORTS PHYSICAL THERAPY,AMERICAN JOURNAL OF SPORTS MEDICINE,CLINICAL ORTHOPAEDICS AND RELATED RESEARCH,JOURNAL OF THE AMERICAN GERIATRICS SOCIETY,CLINICAL ORTHOPAEDICS AND RELATED RESEARCH,JOURNAL OF ORTHOPAEDIC RESEARCH,BRITISH MEDICAL JOURNAL,SCANDINAVIAN JOURNAL OF REHABILITATION MEDICINE
307890883	Lovern 2009	JOURNAL OF BIOMECHANICS,AMERICAN JOURNAL OF SPORTS MEDICINE,JOURNAL OF BIOMECHANICS,JOURNAL OF BIOMECHANICS,JOURNAL OF BIOMECHANICS,AMERICAN JOURNAL OF SPORTS MEDICINE,JOURNAL OF ORTHOPAEDIC & SPORTS PHYSICAL THERAPY,CLINICAL BIOMECHANICS,JOURNAL OF BONE AND JOINT SURGERY-BRITISH VOLUME,JOURNAL OF BIOMECHANICAL ENGINEERING-TRANSACTIONS OF THE ASME,CLINICAL BIOMECHANICS,JOURNAL OF BONE AND JOINT SURGERY-BRITISH VOLUME,CLINICAL BIOMECHANICS,JOURNAL OF BIOMECHANICS,JOURNAL OF BONE AND JOINT SURGERY-BRITISH VOLUME,CLINICAL BIOMECHANICS,CLINICAL ORTHOPAEDICS AND RELATED RESEARCH
322526725	Ludewig 2000	JOURNAL OF ORTHOPAEDIC & SPORTS PHYSICAL THERAPY,JOURNAL OF ORTHOPAEDIC & SPORTS PHYSICAL THERAPY,PHYSICAL THERAPY,AMERICAN JOURNAL OF ROENTGENOLOGY,JOURNAL OF ORTHOPAEDIC & SPORTS PHYSICAL THERAPY,CLINICAL BIOMECHANICS,JOURNAL OF BIOMECHANICAL ENGINEERING-TRANSACTIONS OF THE ASME,AMERICAN JOURNAL OF SPORTS MEDICINE,AMERICAN JOURNAL OF SPORTS MEDICINE,JOURNAL OF BIOMECHANICS,JOURNAL OF BIOMECHANICS,JOURNAL OF ORTHOPAEDIC & SPORTS PHYSICAL THERAPY,ARTHROSCOPY,EUROPEAN JOURNAL OF APPLIED PHYSIOLOGY AND OCCUPATIONAL PHYSIOLOGY,EUROPEAN JOURNAL OF APPLIED PHYSIOLOGY AND OCCUPATIONAL PHYSIOLOGY,JOURNAL OF ORTHOPAEDIC & SPORTS PHYSICAL THERAPY,JOURNAL OF ORTHOPAEDIC & SPORTS PHYSICAL THERAPY,ORTHOPEDICS,AMERICAN JOURNAL OF SPORTS MEDICINE,CLINICAL ORTHOPAEDICS AND RELATED RESEARCH,ERGONOMICS,JOURNAL OF ORTHOPAEDIC RESEARCH,JOURNAL OF BONE AND JOINT SURGERY-AMERICAN VOLUME,JOURNAL OF BONE AND JOINT SURGERY-BRITISH VOLUME,CLINICAL BIOMECHANICS,CLINICS IN SPORTS MEDICINE,CLINICS IN SPORTS MEDICINE,CLINICAL BIOMECHANICS,JOURNAL OF ORTHOPAEDIC RESEARCH,JOURNAL OF BONE AND JOINT SURGERY-AMERICAN VOLUME,JOURNAL OF BIOMECHANICS,SCANDINAVIAN JOURNAL OF REHABILITATION MEDICINE,BRITISH JOURNAL OF INDUSTRIAL MEDICINE,ORTHOPEDIC CLINICS OF NORTH AMERICA,AMERICAN JOURNAL OF SPORTS MEDICINE,ACTA ORTHOPAEDICA SCANDINAVICA,CLINICAL ORTHOPAEDICS AND RELATED RESEARCH,BRITISH JOURNAL OF INDUSTRIAL MEDICINE,ACTA ORTHOPAEDICA SCANDINAVICA,PHYSICAL THERAPY,AMERICAN JOURNAL OF PHYSICAL MEDICINE & REHABILITATION,JOURNAL OF BONE AND JOINT SURGERY-BRITISH VOLUME,JOURNAL OF BONE AND JOINT SURGERY-AMERICAN VOLUME,JOURNAL OF BONE AND JOINT SURGERY-AMERICAN VOLUME
307888490	Mahon 2017	JOURNAL OF BONE AND JOINT SURGERY-AMERICAN VOLUME,JOURNAL OF HAND SURGERY-AMERICAN VOLUME,GAIT & POSTURE,RESEARCH IN DEVELOPMENTAL DISABILITIES,INTERNATIONAL ORTHOPAEDICS,JOURNAL OF SHOULDER AND ELBOW SURGERY,JOURNAL OF NEUROSURGERY-PEDIATRICS,JOURNAL OF HAND SURGERY-EUROPEAN VOLUME,JOURNAL OF BIOMECHANICS,JOURNAL OF BIOMECHANICS,GAIT & POSTURE,GAIT & POSTURE,AMERICAN JOURNAL OF OBSTETRICS AND GYNECOLOGY,GAIT & POSTURE,JOURNAL OF CLINICAL EPIDEMIOLOGY,CHILDS NERVOUS SYSTEM,DEVELOPMENTAL MEDICINE AND CHILD NEUROLOGY,JOURNAL OF PEDIATRIC ORTHOPAEDICS,GAIT & POSTURE,JOURNAL OF HAND SURGERY-AMERICAN VOLUME,JOURNAL OF SHOULDER AND ELBOW SURGERY,JOURNAL OF HAND SURGERY-EUROPEAN VOLUME,GAIT & POSTURE,JOURNAL OF THE AMERICAN ACADEMY OF ORTHOPAEDIC SURGEONS,GAIT & POSTURE,JOURNAL OF BONE AND JOINT SURGERY-BRITISH VOLUME,CURRENT OPINION IN PEDIATRICS,JOURNAL OF PEDIATRIC ORTHOPAEDICS,CLINICAL BIOMECHANICS,GAIT & POSTURE,JOURNAL OF BIOMECHANICS,GAIT & POSTURE,JOURNAL OF BONE AND JOINT SURGERY-AMERICAN VOLUME,GAIT & POSTURE,ARCHIVES OF PHYSICAL MEDICINE AND REHABILITATION,PHYSICAL THERAPY,CLINICAL REHABILITATION,JOURNAL OF BONE AND JOINT SURGERY-AMERICAN VOLUME,JOURNAL OF BONE AND JOINT SURGERY-AMERICAN VOLUME,JOURNAL OF ORTHOPAEDIC & SPORTS PHYSICAL THERAPY,LANCET
307891431	Massimini 2011	JOURNAL OF BONE AND JOINT SURGERY-AMERICAN VOLUME,EURASIP JOURNAL ON ADVANCES IN SIGNAL PROCESSING,ACTA ORTHOPAEDICA,ACTA ORTHOPAEDICA,JOURNAL OF BIOMECHANICS,JOURNAL OF SHOULDER AND ELBOW SURGERY,JOURNAL OF BIOMECHANICS,JOURNAL OF ORTHOPAEDIC SCIENCE,SPINE,JOURNAL OF SHOULDER AND ELBOW SURGERY,CLINICAL BIOMECHANICS,AMERICAN JOURNAL OF SPORTS MEDICINE,JOURNAL OF BIOMECHANICS,JOURNAL OF BIOMECHANICS,JOURNAL OF BIOMECHANICS,JOURNAL OF BIOMECHANICS,KNEE SURGERY SPORTS TRAUMATOLOGY ARTHROSCOPY,CLINICAL BIOMECHANICS,JOURNAL OF BIOMECHANICS,OSTEOARTHRITIS AND CARTILAGE,JOURNAL OF BIOMECHANICAL ENGINEERING-TRANSACTIONS OF THE ASME,CLINICAL ORTHOPAEDICS AND RELATED RESEARCH,AMERICAN JOURNAL OF SPORTS MEDICINE,CLINICAL BIOMECHANICS,JOURNAL OF BIOMECHANICS,GAIT & POSTURE,JOURNAL OF BIOMECHANICAL ENGINEERING-TRANSACTIONS OF THE ASME,JOURNAL OF BIOMECHANICAL ENGINEERING-TRANSACTIONS OF THE ASME,CLINICAL BIOMECHANICS,AMERICAN JOURNAL OF SPORTS MEDICINE,JOURNAL OF MAGNETIC RESONANCE IMAGING,JOURNAL OF SHOULDER AND ELBOW SURGERY,JOURNAL OF BIOMECHANICAL ENGINEERING-TRANSACTIONS OF THE ASME,AMERICAN JOURNAL OF SPORTS MEDICINE,JOURNAL OF BIOMECHANICS,JOURNAL OF BIOMECHANICS,CLINICAL ORTHOPAEDICS AND RELATED RESEARCH,MEDICAL PHYSICS,JOURNAL OF ORTHOPAEDIC & SPORTS PHYSICAL THERAPY,JOURNAL OF BIOMECHANICS,SKELETAL RADIOLOGY,MEDICAL PHYSICS,ACTA ORTHOPAEDICA SCANDINAVICA
307891495	Meskers 2007	JOURNAL OF BIOMECHANICS,ARCHIVES OF PHYSICAL MEDICINE AND REHABILITATION,JOURNAL OF SHOULDER AND ELBOW SURGERY,JOURNAL OF BIOMECHANICAL ENGINEERING-TRANSACTIONS OF THE ASME,PHYSICAL THERAPY,JOURNAL OF BIOMECHANICS,CLINICAL BIOMECHANICS,JOURNAL OF ORTHOPAEDIC & SPORTS PHYSICAL THERAPY,JOURNAL OF BIOMECHANICS,CLINICAL BIOMECHANICS,STATISTICAL SCIENCE,CLINICAL BIOMECHANICS
307891480	Meyer 2008	JOURNAL OF APPLIED BIOMECHANICS,ORTHOPEDIC CLINICS OF NORTH AMERICA,AMERICAN JOURNAL OF SPORTS MEDICINE,JOURNAL OF APPLIED BIOMECHANICS,MEDICINE AND SCIENCE IN SPORTS AND EXERCISE,JOURNAL OF SHOULDER AND ELBOW SURGERY,JOURNAL OF BIOMECHANICAL ENGINEERING-TRANSACTIONS OF THE ASME,JOURNAL OF BIOMECHANICS,PHYSICAL THERAPY,ARTHROSCOPY-THE JOURNAL OF ARTHROSCOPIC AND RELATED SURGERY,AMERICAN JOURNAL OF SPORTS MEDICINE,JOURNAL OF ORTHOPAEDIC & SPORTS PHYSICAL THERAPY,AMERICAN JOURNAL OF SPORTS MEDICINE,SPORTS MEDICINE,JOURNAL OF APPLIED BIOMECHANICS,JOURNAL OF APPLIED BIOMECHANICS,AMERICAN JOURNAL OF SPORTS MEDICINE,JOURNAL OF APPLIED BIOMECHANICS,JOURNAL OF ORTHOPAEDIC & SPORTS PHYSICAL THERAPY,JOURNAL OF APPLIED BIOMECHANICS,JOURNAL OF BONE AND JOINT SURGERY-AMERICAN VOLUME
307891328	Michener 2016	BRITISH JOURNAL OF SPORTS MEDICINE,JOURNAL OF BIOMECHANICS,JOURNAL OF ORTHOPAEDIC & SPORTS PHYSICAL THERAPY,JOURNAL OF ORTHOPAEDIC & SPORTS PHYSICAL THERAPY,JOURNAL OF ELECTROMYOGRAPHY AND KINESIOLOGY,MANUAL THERAPY,JOURNAL OF APPLIED BIOMECHANICS,JOURNAL OF ORTHOPAEDIC & SPORTS PHYSICAL THERAPY,JOURNAL OF ELECTROMYOGRAPHY AND KINESIOLOGY,JOURNAL OF SPORT REHABILITATION,BRITISH JOURNAL OF SPORTS MEDICINE,AMERICAN JOURNAL OF SPORTS MEDICINE,JOURNAL OF SPORT REHABILITATION,JOURNAL OF CLINICAL EPIDEMIOLOGY,JOURNAL OF ELECTROMYOGRAPHY AND KINESIOLOGY,BMC MUSCULOSKELETAL DISORDERS,ARCHIVES OF PHYSICAL MEDICINE AND REHABILITATION,JOURNAL OF SHOULDER AND ELBOW SURGERY,JOURNAL OF REHABILITATION MEDICINE,MANUAL THERAPY,JOURNAL OF ATHLETIC TRAINING,CLINICAL BIOMECHANICS,JOURNAL OF ORTHOPAEDIC & SPORTS PHYSICAL THERAPY,PHYSICAL THERAPY,RESEARCH IN NURSING & HEALTH,JOURNAL OF SPORT REHABILITATION,JOURNAL OF ORTHOPAEDIC & SPORTS PHYSICAL THERAPY,PHYSICAL THERAPY,JOURNAL OF ELECTROMYOGRAPHY AND KINESIOLOGY,JOURNAL OF BIOMECHANICS,JOURNAL OF STRENGTH AND CONDITIONING RESEARCH,JOURNAL OF ORTHOPAEDIC & SPORTS PHYSICAL THERAPY,JOURNAL OF ELECTROMYOGRAPHY AND KINESIOLOGY,ANNALS OF INTERNAL MEDICINE,JOURNAL OF BIOMECHANICAL ENGINEERING-TRANSACTIONS OF THE ASME,JOURNAL OF ORTHOPAEDIC & SPORTS PHYSICAL THERAPY
307891104	Michiels 1995	ABH. MATH-PHYS. CL. D. K. SÄCHS GESELLSCH. D. WISS.,THE SHOULDER: RUPTURE OF THE SUPRASPINATUS TENDON AND OTHER LESIONS IN OR ABOUT THE SUBACROMIAL BURSA,SHOULDER PAIN,MED J AUST,ARCHIVES OF PHYSICAL MEDICINE AND REHABILITATION,J BONE JOINT SURG,THE JOURNAL OF BONE AND JOINT SURGERY. AMERICAN VOLUME,ARCHIVES OF PHYSICAL MEDICINE AND REHABILITATION,JOURNAL OF BONE AND JOINT SURGERY - SERIES A,AMERICAN JOURNAL OF PHYSICAL MEDICINE AND REHABILITATION,BIOMEDIZINISCHE TECHNIK,THE AMERICAN JOURNAL OF SPORTS MEDICINE,THEORY OF SHOULDER MECHANISM: DESCRIPTIVE AND APPLIED,BRITISH JOURNAL OF SURGERY,SURGERY OF THE SHOULDER,HEFTE ZUR UNFALLHEILKUNDE,INAUGURAL DISSERTATION,REVUE DE CHIRURGIE ORTHOPEDIQUE ET REPARATRICE DE L'APPAREIL MOTEUR
307891270	Mozingo 2018	JOURNAL OF BIOMECHANICS,ORTHOPAEDIC JOURNAL OF SPORTS MEDICINE,CLINICAL BIOMECHANICS,MEDICAL & BIOLOGICAL ENGINEERING & COMPUTING,JOURNAL OF SHOULDER AND ELBOW SURGERY,MEDICAL ENGINEERING & PHYSICS,JOURNAL OF BIOMECHANICAL ENGINEERING-TRANSACTIONS OF THE ASME,JOURNAL OF BIOMECHANICS,JOURNAL OF BIOMECHANICS,JOURNAL OF EXPERIMENTAL ZOOLOGY PART A-ECOLOGICAL AND INTEGRATIVE PHYSIOLOGY,CLINICAL BIOMECHANICS,CLINICAL BIOMECHANICS,JOURNAL OF BIOMECHANICAL ENGINEERING-TRANSACTIONS OF THE ASME,CLINICAL ORTHOPAEDICS AND RELATED RESEARCH,JOURNAL OF BIOMECHANICS,JOURNAL OF BIOMECHANICAL ENGINEERING-TRANSACTIONS OF THE ASME,CLINICAL BIOMECHANICS,COMPUTERIZED MEDICAL IMAGING AND GRAPHICS,ACTA ORTHOPAEDICA SCANDINAVICA
307890974	Myers 2006	JOURNAL OF ORTHOPAEDIC & SPORTS PHYSICAL THERAPY,AMERICAN JOURNAL OF SPORTS MEDICINE,CLINICAL BIOMECHANICS,CLINICAL BIOMECHANICS,MEDICINE AND SCIENCE IN SPORTS AND EXERCISE,MEDICINE AND SCIENCE IN SPORTS AND EXERCISE,BEHAVIOR RESEARCH METHODS INSTRUMENTS & COMPUTERS,ARCHIVES OF PHYSICAL MEDICINE AND REHABILITATION,ARTHROSCOPY-THE JOURNAL OF ARTHROSCOPIC AND RELATED SURGERY,CLINICAL BIOMECHANICS,ARCHIVES OF PHYSICAL MEDICINE AND REHABILITATION,CLINICAL BIOMECHANICS,JOURNAL OF SHOULDER AND ELBOW SURGERY,JOURNAL OF ORTHOPAEDIC & SPORTS PHYSICAL THERAPY,JOURNAL OF APPLIED BIOMECHANICS,JOURNAL OF ORTHOPAEDIC RESEARCH,JOURNAL OF SHOULDER AND ELBOW SURGERY,JOURNAL OF BIOMECHANICAL ENGINEERING-TRANSACTIONS OF THE ASME,JOURNAL OF ORTHOPAEDIC & SPORTS PHYSICAL THERAPY,JOURNAL OF BIOMECHANICS,JOURNAL OF BIOMECHANICS,PHYSICAL THERAPY,CLINICAL BIOMECHANICS,JOURNAL OF ORTHOPAEDIC & SPORTS PHYSICAL THERAPY,SURGICAL AND RADIOLOGIC ANATOMY,JOURNAL OF BIOMECHANICS,CLINICAL BIOMECHANICS,CLINICAL BIOMECHANICS,CLINICAL BIOMECHANICS,AMERICAN JOURNAL OF SPORTS MEDICINE,CLINICAL BIOMECHANICS,JOURNAL OF BONE AND JOINT SURGERY-AMERICAN VOLUME,PSYCHOLOGICAL BULLETIN
307891300	Nicholson 2017	JOURNAL OF BIOMECHANICS,JOURNAL OF APPLIED BIOMECHANICS,JOURNAL OF BIOMECHANICS,JOURNAL OF APPLIED BIOMECHANICS,JOURNAL OF BIOMECHANICS,JOURNAL OF BIOMECHANICS,JOURNAL OF BIOMECHANICS,HUMAN MOVEMENT SCIENCE,JOURNAL OF BIOMECHANICS,JOURNAL OF BIOMECHANICS,JOURNAL OF BIOMECHANICS,JOURNAL OF BIOMECHANICS,ANNALS OF BIOMEDICAL ENGINEERING,PROCEEDINGS OF THE INSTITUTION OF MECHANICAL ENGINEERS PART H-JOURNAL OF ENGINEERING IN MEDICINE,JOURNAL OF PEDIATRIC ORTHOPAEDICS,ORTHOPEDICS,JOURNAL OF BIOMECHANICAL ENGINEERING-TRANSACTIONS OF THE ASME,ARTHROSCOPY-THE JOURNAL OF ARTHROSCOPIC AND RELATED SURGERY,JOURNAL OF BIOMECHANICS,GAIT & POSTURE,PHYSICAL THERAPY,JOURNAL OF ELECTROMYOGRAPHY AND KINESIOLOGY,JOURNAL OF BIOMECHANICS,GAIT & POSTURE,JOURNAL OF SHOULDER AND ELBOW SURGERY,JOURNAL OF BIOMECHANICAL ENGINEERING-TRANSACTIONS OF THE ASME,JOURNAL OF ORTHOPAEDIC & SPORTS PHYSICAL THERAPY,CLINICAL BIOMECHANICS,JOURNAL OF BIOMECHANICS
307891245	Nicholson 2019	JOURNAL OF BIOMECHANICS,MEDICAL ENGINEERING & PHYSICS,MEDICAL ENGINEERING & PHYSICS,JOURNAL OF ELECTROMYOGRAPHY AND KINESIOLOGY,JOURNAL OF ELECTROMYOGRAPHY AND KINESIOLOGY,JOURNAL OF BIOMECHANICS,JOURNAL OF BIOMECHANICS,JOURNAL OF APPLIED BIOMECHANICS,JOURNAL OF BIOMECHANICS,JOURNAL OF BIOMECHANICS,HUMAN MOVEMENT SCIENCE,JOURNAL OF BIOMECHANICS,ANNALS OF BIOMEDICAL ENGINEERING,ORTHOPEDICS,JOURNAL OF BIOMECHANICAL ENGINEERING-TRANSACTIONS OF THE ASME,ARTHROSCOPY-THE JOURNAL OF ARTHROSCOPIC AND RELATED SURGERY,JOURNAL OF SHOULDER AND ELBOW SURGERY,PHYSICAL THERAPY,JOURNAL OF SHOULDER AND ELBOW SURGERY,JOURNAL OF BIOMECHANICAL ENGINEERING-TRANSACTIONS OF THE ASME,JOURNAL OF ORTHOPAEDIC & SPORTS PHYSICAL THERAPY,CLINICAL BIOMECHANICS,JOURNAL OF BIOMECHANICS
307890812	Parel 2012	JOURNAL OF BIOMECHANICS,GAIT & POSTURE,MEDICAL & BIOLOGICAL ENGINEERING & COMPUTING,GAIT & POSTURE,JOURNAL OF ORTHOPAEDIC & SPORTS PHYSICAL THERAPY,GAIT & POSTURE,ULTRASOUND IN OBSTETRICS & GYNECOLOGY,COMPUTER METHODS IN BIOMECHANICS AND BIOMEDICAL ENGINEERING,MEDICAL & BIOLOGICAL ENGINEERING & COMPUTING,JOURNAL OF BIOMECHANICS,JOURNAL OF BIOMECHANICS,CLINICAL BIOMECHANICS,JOURNAL OF STRENGTH AND CONDITIONING RESEARCH,CLINICAL BIOMECHANICS,JOURNAL OF SHOULDER AND ELBOW SURGERY,JOURNAL OF BIOMECHANICAL ENGINEERING-TRANSACTIONS OF THE ASME,PHYSICAL THERAPY,CLINICAL BIOMECHANICS,JOURNAL OF BIOMECHANICAL ENGINEERING-TRANSACTIONS OF THE ASME,CLINICAL BIOMECHANICS,JOURNAL OF ORTHOPAEDIC RESEARCH
307890694	Parel 2014	JOURNAL OF ELECTROMYOGRAPHY AND KINESIOLOGY,GAIT & POSTURE,JOURNAL OF BIOMECHANICS,JOURNAL OF BIOMECHANICS,JOURNAL OF BIOMECHANICS,JOURNAL OF SHOULDER AND ELBOW SURGERY,PROCEEDINGS OF THE INSTITUTION OF MECHANICAL ENGINEERS PART H-JOURNAL OF ENGINEERING IN MEDICINE,CLINICAL BIOMECHANICS,JOURNAL OF BONE AND JOINT SURGERY-AMERICAN VOLUME,GAIT & POSTURE,ULTRASOUND IN OBSTETRICS & GYNECOLOGY,COMPUTER METHODS IN BIOMECHANICS AND BIOMEDICAL ENGINEERING,MEDICAL & BIOLOGICAL ENGINEERING & COMPUTING,JOURNAL OF BIOMECHANICS,JOURNAL OF BIOMECHANICS,CLINICAL BIOMECHANICS,JOURNAL OF BIOMECHANICS,JOURNAL OF STRENGTH AND CONDITIONING RESEARCH,JOURNAL OF BIOMECHANICS,JOURNAL OF SHOULDER AND ELBOW SURGERY,ULTRASOUND IN OBSTETRICS & GYNECOLOGY,ANNALS OF THE RHEUMATIC DISEASES,JOURNAL OF SHOULDER AND ELBOW SURGERY,JOURNAL OF BIOMECHANICAL ENGINEERING-TRANSACTIONS OF THE ASME,JOURNAL OF BIOMECHANICS,PHYSICAL THERAPY
307891273	Plummer 2018	MANUAL THERAPY,JOURNAL OF ORTHOPAEDIC & SPORTS PHYSICAL THERAPY,JOURNAL OF SPORT REHABILITATION,CHINESE JOURNAL OF PHYSIOLOGY,JOURNAL OF ATHLETIC TRAINING,JOURNAL OF ORTHOPAEDIC & SPORTS PHYSICAL THERAPY,JOURNAL OF ORTHOPAEDIC & SPORTS PHYSICAL THERAPY,CLINICAL BIOMECHANICS,JOURNAL OF BIOMECHANICS,ARCHIVES OF PHYSICAL MEDICINE AND REHABILITATION,CLINICAL BIOMECHANICS,JOURNAL OF SHOULDER AND ELBOW SURGERY,JOURNAL OF BIOMECHANICAL ENGINEERING-TRANSACTIONS OF THE ASME,JOURNAL OF BIOMECHANICS,JOURNAL OF BIOMECHANICS
307891419	Prinold 2011	JOURNAL OF BIOMECHANICS,JOURNAL OF BIOMECHANICS,BRITISH JOURNAL OF SPORTS MEDICINE,JOURNAL OF ORTHOPAEDIC & SPORTS PHYSICAL THERAPY,GAIT & POSTURE,JOURNAL OF REHABILITATION MEDICINE,JOURNAL OF APPLIED BIOMECHANICS,JOURNAL OF BIOMECHANICS,JOURNAL OF ORTHOPAEDIC SCIENCE,IEEE TRANSACTIONS ON BIOMEDICAL ENGINEERING,JOURNAL OF BIOMECHANICS,AMERICAN JOURNAL OF PHYSICAL MEDICINE & REHABILITATION,JOURNAL OF BIOMECHANICAL ENGINEERING-TRANSACTIONS OF THE ASME,PHYSICAL THERAPY,JOURNAL OF ORTHOPAEDIC & SPORTS PHYSICAL THERAPY,JOURNAL OF ORTHOPAEDIC & SPORTS PHYSICAL THERAPY,CLINICAL BIOMECHANICS,CLINICAL BIOMECHANICS,CLINICAL ORTHOPAEDICS AND RELATED RESEARCH,CLINICAL BIOMECHANICS
307890781	Prinold 2013	JOURNAL OF REHABILITATION RESEARCH AND DEVELOPMENT,JOURNAL OF SCIENCE AND MEDICINE IN SPORT,MEDICAL & BIOLOGICAL ENGINEERING & COMPUTING,JOURNAL OF BIOMECHANICS,CLINICAL BIOMECHANICS,JOURNAL OF BIOMECHANICS,JOURNAL OF BIOMECHANICS,BRITISH JOURNAL OF SPORTS MEDICINE,JOURNAL OF BIOMECHANICS,JOURNAL OF BONE AND JOINT SURGERY-AMERICAN VOLUME,JOURNAL OF ORTHOPAEDIC & SPORTS PHYSICAL THERAPY,JOURNAL OF SHOULDER AND ELBOW SURGERY,CLINICAL BIOMECHANICS,JOURNAL OF APPLIED BIOMECHANICS,JOURNAL OF BIOMECHANICS,AMERICAN JOURNAL OF SPORTS MEDICINE,CLINICAL BIOMECHANICS,JOURNAL OF TRAUMA-INJURY INFECTION AND CRITICAL CARE,CLINICAL BIOMECHANICS,JOURNAL OF ORTHOPAEDIC SCIENCE,CLINICAL BIOMECHANICS,JOURNAL OF BIOMECHANICS,JOURNAL OF BIOMECHANICS,BIOLOGICAL CYBERNETICS,CURRENT ORTHOPAEDICS,JOURNAL OF BIOMECHANICS,CLINICAL BIOMECHANICS,CLINICAL ORTHOPAEDICS AND RELATED RESEARCH,JOURNAL OF REHABILITATION RESEARCH AND DEVELOPMENT,JOURNAL OF BIOMECHANICS,JOURNAL OF NEUROSCIENCE,JOURNAL OF BIOMECHANICAL ENGINEERING-TRANSACTIONS OF THE ASME,JOURNAL OF ORTHOPAEDIC & SPORTS PHYSICAL THERAPY,PHYSICAL THERAPY,CLINICAL BIOMECHANICS,CLINICAL BIOMECHANICS,CLINICAL BIOMECHANICS,AMERICAN JOURNAL OF SPORTS MEDICINE,JOURNAL OF ORTHOPAEDIC & SPORTS PHYSICAL THERAPY,CLINICAL BIOMECHANICS,JOURNAL OF BIOMECHANICS,CLINICAL BIOMECHANICS,JOURNAL OF BIOMECHANICS,CLINICAL BIOMECHANICS,EXPERIMENTAL BRAIN RESEARCH,CLINICAL ORTHOPAEDICS AND RELATED RESEARCH,CLINICS IN SPORTS MEDICINE,CLINICAL ORTHOPAEDICS AND RELATED RESEARCH,SCANDINAVIAN JOURNAL OF REHABILITATION MEDICINE
307890532	Richardson 2017	PLOS ONE,COMPUTER METHODS IN BIOMECHANICS AND BIOMEDICAL ENGINEERING,JOURNAL OF APPLIED BIOMECHANICS,JOURNAL OF BIOMECHANICS,MEDICAL & BIOLOGICAL ENGINEERING & COMPUTING,MEDICAL & BIOLOGICAL ENGINEERING & COMPUTING,JOURNAL OF BIOMECHANICS,JOURNAL OF BIOMECHANICS,HUMAN MOVEMENT SCIENCE,JOURNAL OF BIOMECHANICS,JOURNAL OF BIOMECHANICS,PROCEEDINGS OF THE INSTITUTION OF MECHANICAL ENGINEERS PART H-JOURNAL OF ENGINEERING IN MEDICINE,GAIT & POSTURE,JOURNAL OF BIOMECHANICS,IEEE TRANSACTIONS ON BIOMEDICAL ENGINEERING,JOURNAL OF BIOMECHANICS,PROCEEDINGS OF THE INSTITUTION OF MECHANICAL ENGINEERS PART H-JOURNAL OF ENGINEERING IN MEDICINE,ANNALS OF BIOMEDICAL ENGINEERING,JOURNAL OF BIOMECHANICS,CLINICAL BIOMECHANICS,JOURNAL OF BIOMECHANICAL ENGINEERING-TRANSACTIONS OF THE ASME,ANNUAL REVIEW OF BIOMEDICAL ENGINEERING,JOURNAL OF BIOMECHANICS,JOURNAL OF BIOMECHANICS
307890699	Rogowski 2014	JOURNAL OF SPORTS SCIENCE AND MEDICINE,JOURNAL OF ELECTROMYOGRAPHY AND KINESIOLOGY,JOURNAL OF BIOMECHANICS,SPORTS MEDICINE AND ARTHROSCOPY REVIEW,SPORTS MEDICINE AND ARTHROSCOPY REVIEW,SPORTS MEDICINE AND ARTHROSCOPY REVIEW,SPORTS MEDICINE AND ARTHROSCOPY REVIEW,SCANDINAVIAN JOURNAL OF MEDICINE & SCIENCE IN SPORTS,PROCEEDINGS OF THE INSTITUTION OF MECHANICAL ENGINEERS PART H-JOURNAL OF ENGINEERING IN MEDICINE,MEDICINE AND SCIENCE IN SPORTS AND EXERCISE,BRITISH JOURNAL OF SPORTS MEDICINE,JOURNAL OF SPORT REHABILITATION,GAIT & POSTURE,COMPUTER METHODS IN BIOMECHANICS AND BIOMEDICAL ENGINEERING,MEDICAL ENGINEERING & PHYSICS,JOURNAL OF BONE AND JOINT SURGERY-AMERICAN VOLUME,JOURNAL OF ATHLETIC TRAINING,JOURNAL OF APPLIED BIOMECHANICS,JOURNAL OF SHOULDER AND ELBOW SURGERY,AMERICAN JOURNAL OF SPORTS MEDICINE,JOURNAL OF BIOMECHANICS,AMERICAN JOURNAL OF SPORTS MEDICINE,JOURNAL OF APPLIED BIOMECHANICS,JOURNAL OF SHOULDER AND ELBOW SURGERY,JOURNAL OF BIOMECHANICS,JOURNAL OF ORTHOPAEDIC RESEARCH,INTERNATIONAL JOURNAL OF SPORT BIOMECHANICS,AMERICAN JOURNAL OF SPORTS MEDICINE
307891391	Roren 2013	JOURNAL OF ELECTROMYOGRAPHY AND KINESIOLOGY,JOURNAL OF BIOMECHANICS,JOURNAL OF BIOMECHANICS,PROCEEDINGS OF THE INSTITUTION OF MECHANICAL ENGINEERS PART H-JOURNAL OF ENGINEERING IN MEDICINE,COMPUTER METHODS IN BIOMECHANICS AND BIOMEDICAL ENGINEERING,JOURNAL OF SHOULDER AND ELBOW SURGERY,JOURNAL OF BONE AND JOINT SURGERY-AMERICAN VOLUME,GAIT & POSTURE,JOURNAL OF BIOMECHANICS,MANUAL THERAPY,JOURNAL OF BIOMECHANICS,CLINICAL BIOMECHANICS,PHYSICAL THERAPY,GAIT & POSTURE,ARCHIVES OF PHYSICAL MEDICINE AND REHABILITATION,ACTA NEUROLOGICA SCANDINAVICA,CLINICAL BIOMECHANICS,ANNALS OF THE RHEUMATIC DISEASES,ARCHIVES OF PHYSICAL MEDICINE AND REHABILITATION,JOURNAL OF BIOMECHANICAL ENGINEERING-TRANSACTIONS OF THE ASME,JOURNAL OF ORTHOPAEDIC & SPORTS PHYSICAL THERAPY,QUALITY OF LIFE RESEARCH,JOURNAL OF BIOMECHANICS,RHEUMATOLOGY,PHYSICAL THERAPY,JOURNAL OF ORTHOPAEDIC & SPORTS PHYSICAL THERAPY,CLINICAL BIOMECHANICS,CLINICAL BIOMECHANICS,PHYSICAL THERAPY,SPORTS MEDICINE,CLINICAL BIOMECHANICS,JOURNAL OF ORTHOPAEDIC & SPORTS PHYSICAL THERAPY,CLINICAL BIOMECHANICS,CLINICAL BIOMECHANICS,PROCEEDINGS OF THE INSTITUTION OF MECHANICAL ENGINEERS PART H-JOURNAL OF ENGINEERING IN MEDICINE,JOURNAL OF ORTHOPAEDIC RESEARCH,LANCET,PSYCHOLOGICAL BULLETIN
307891348	Roren 2015	MANUAL THERAPY,FRONTIERS IN COMPUTATIONAL NEUROSCIENCE,JOURNAL OF BONE AND JOINT SURGERY-AMERICAN VOLUME,JOURNAL OF BIOMECHANICS,GAIT & POSTURE,JOURNAL OF APPLIED BIOMECHANICS,JOURNAL OF APPLIED BIOMECHANICS,JOURNAL OF ORTHOPAEDIC & SPORTS PHYSICAL THERAPY,NONLINEAR DYNAMICS,JOURNAL OF BONE AND JOINT SURGERY-BRITISH VOLUME,JOURNAL OF SHOULDER AND ELBOW SURGERY,COMPUTER METHODS IN BIOMECHANICS AND BIOMEDICAL ENGINEERING,COMPUTER METHODS IN BIOMECHANICS AND BIOMEDICAL ENGINEERING,AMERICAN JOURNAL OF PHYSICAL MEDICINE & REHABILITATION,JOURNAL OF ORTHOPAEDIC & SPORTS PHYSICAL THERAPY,JOURNAL OF BONE AND JOINT SURGERY-AMERICAN VOLUME,JOURNAL OF ORTHOPAEDIC & SPORTS PHYSICAL THERAPY,GAIT & POSTURE,JOURNAL OF SHOULDER AND ELBOW SURGERY,JOURNAL OF ORTHOPAEDIC & SPORTS PHYSICAL THERAPY,JOURNAL OF BIOMECHANICS,JOURNAL OF BIOMECHANICS,JOURNAL OF ORTHOPAEDIC & SPORTS PHYSICAL THERAPY,CLINICAL BIOMECHANICS,PHYSICAL THERAPY,CLINICAL BIOMECHANICS,CLINICAL BIOMECHANICS,JOURNAL OF BIOMECHANICS,AMERICAN JOURNAL OF SPORTS MEDICINE,JOURNAL OF ORTHOPAEDIC & SPORTS PHYSICAL THERAPY,ARCHIVES OF PHYSICAL MEDICINE AND REHABILITATION,IEEE TRANSACTIONS ON ROBOTICS AND AUTOMATION,ARCHIVES OF ORTHOPAEDIC AND TRAUMA SURGERY,ANNALS OF THE RHEUMATIC DISEASES,JOURNAL OF SHOULDER AND ELBOW SURGERY,JOURNAL OF SHOULDER AND ELBOW SURGERY,JOURNAL OF BIOMECHANICAL ENGINEERING-TRANSACTIONS OF THE ASME,EXPERIMENTAL BRAIN RESEARCH,JOURNAL OF BIOMECHANICS,PHYSICAL THERAPY,JOURNAL OF BIOMECHANICS,ARCHIVES OF PHYSICAL MEDICINE AND REHABILITATION,CLINICAL BIOMECHANICS,JOURNAL OF ORTHOPAEDIC & SPORTS PHYSICAL THERAPY,JOURNAL OF BONE AND JOINT SURGERY-AMERICAN VOLUME,JOURNAL OF ORTHOPAEDIC & SPORTS PHYSICAL THERAPY,AMERICAN JOURNAL OF ROENTGENOLOGY,JOURNAL OF BIOMECHANICAL ENGINEERING-TRANSACTIONS OF THE ASME,JOURNAL OF BIOMECHANICS,CLINICAL ORTHOPAEDICS AND RELATED RESEARCH,JOURNAL OF ORTHOPAEDIC & SPORTS PHYSICAL THERAPY,PROCEEDINGS OF THE INSTITUTION OF MECHANICAL ENGINEERS PART H-JOURNAL OF ENGINEERING IN MEDICINE,PHYSICAL THERAPY,INVESTIGATIVE RADIOLOGY,JOURNAL OF BIOMECHANICS
307891219	Ruiz Ibán 2020	PHYSICAL THERAPY,HUMAN MOVEMENT SCIENCE,ORTHOPAEDICS & TRAUMATOLOGY-SURGERY & RESEARCH,JOURNAL OF ORTHOPAEDIC & SPORTS PHYSICAL THERAPY,JOURNAL OF BIOMECHANICS,JOURNAL OF BIOMECHANICS,JOURNAL OF BIOMECHANICS,MEDICAL & BIOLOGICAL ENGINEERING & COMPUTING,BRITISH JOURNAL OF SPORTS MEDICINE,KNEE SURGERY SPORTS TRAUMATOLOGY ARTHROSCOPY,JOURNAL OF BIOMECHANICS,JOURNAL OF THE AMERICAN ACADEMY OF ORTHOPAEDIC SURGEONS,HUMAN MOVEMENT SCIENCE,GAIT & POSTURE,GAIT & POSTURE,MEDICAL & BIOLOGICAL ENGINEERING & COMPUTING,GAIT & POSTURE,JOURNAL OF BIOMECHANICS,PROCEEDINGS OF THE INSTITUTION OF MECHANICAL ENGINEERS PART H-JOURNAL OF ENGINEERING IN MEDICINE,PHYSICAL THERAPY,JOURNAL OF ORTHOPAEDIC RESEARCH
307890841	Shaheen 2011’	ARCHIVES OF ORTHOPAEDIC AND TRAUMA SURGERY,GAIT & POSTURE,COMPUTER METHODS IN BIOMECHANICS AND BIOMEDICAL ENGINEERING,KNEE SURGERY SPORTS TRAUMATOLOGY ARTHROSCOPY,JOURNAL OF BIOMECHANICS,JOURNAL OF BIOMECHANICS,ARCHIVES OF PHYSICAL MEDICINE AND REHABILITATION,JOURNAL OF BIOMECHANICAL ENGINEERING-TRANSACTIONS OF THE ASME,CLINICAL BIOMECHANICS,CLINICAL BIOMECHANICS,CLINICAL BIOMECHANICS
307890843	Shaheen 2011’’	ARCHIVES OF ORTHOPAEDIC AND TRAUMA SURGERY,GAIT & POSTURE,JOURNAL OF BIOMECHANICS,JOURNAL OF ORTHOPAEDIC SCIENCE,JOURNAL OF SHOULDER AND ELBOW SURGERY,JOURNAL OF BIOMECHANICS,JOURNAL OF BIOMECHANICAL ENGINEERING-TRANSACTIONS OF THE ASME,PHYSICAL THERAPY,CLINICAL BIOMECHANICS,JOURNAL OF ORTHOPAEDIC & SPORTS PHYSICAL THERAPY,CLINICAL BIOMECHANICS,CLINICAL BIOMECHANICS
307890924	Teece 2008	JOURNAL OF ORTHOPAEDIC RESEARCH,JOURNAL OF BIOMECHANICS,JOURNAL OF ORTHOPAEDIC & SPORTS PHYSICAL THERAPY,OCCUPATIONAL AND ENVIRONMENTAL MEDICINE,AMERICAN JOURNAL OF SPORTS MEDICINE,JOURNAL OF SHOULDER AND ELBOW SURGERY,JOURNAL OF SHOULDER AND ELBOW SURGERY,JOURNAL OF BIOMECHANICAL ENGINEERING-TRANSACTIONS OF THE ASME,JOURNAL OF SHOULDER AND ELBOW SURGERY,PHYSICAL THERAPY,JOURNAL OF ORTHOPAEDIC & SPORTS PHYSICAL THERAPY,JOURNAL OF ORTHOPAEDIC & SPORTS PHYSICAL THERAPY,MEDICINE AND SCIENCE IN SPORTS AND EXERCISE,CLINICAL ORTHOPAEDICS AND RELATED RESEARCH,SPORTS MEDICINE,JOURNAL OF BONE AND JOINT SURGERY-BRITISH VOLUME,AMERICAN JOURNAL OF SPORTS MEDICINE,CLINICAL ORTHOPAEDICS AND RELATED RESEARCH,CLINICAL ORTHOPAEDICS AND RELATED RESEARCH,CLINICAL ORTHOPAEDICS AND RELATED RESEARCH,AMERICAN JOURNAL OF SPORTS MEDICINE
307891512	Thigpen 2005	JOURNAL OF ORTHOPAEDIC RESEARCH,CLINICAL BIOMECHANICS,GAIT AND POSTURE,JOURNAL OF ORTHOPAEDIC RESEARCH,ARCHIVES OF PHYSICAL MEDICINE AND REHABILITATION,JOURNAL OF ORTHOPAEDIC AND SPORTS PHYSICAL THERAPY,CLINICAL BIOMECHANICS,J BONE JOINT SURG,STANDARDIZATION OF JOINT ROTATION,JOURNAL OF ORTHOPAEDIC RESEARCH,JOURNAL OF BIOMECHANICS,JOURNAL OF BIOMECHANICAL ENGINEERING,MEDICINE AND SCIENCE IN SPORTS AND EXERCISE,PHYSICAL THERAPY,JOURNAL OF ORTHOPAEDIC AND SPORTS PHYSICAL THERAPY,JOURNAL OF ORTHOPAEDIC AND SPORTS PHYSICAL THERAPY,JOURNAL OF SHOULDER AND ELBOW SURGERY,CLINICAL BIOMECHANICS,PROCEEDINGS OF THE FIRST CONFERENCE OF THE INTERNATIONAL SHOULDER GROUP,JOURNAL OF BIOMECHANICS,ARCHIVES OF PHYSICAL MEDICINE AND REHABILITATION,JOURNAL OF APPLIED BIOMECHANICS,JOURNAL OF ORTHOPAEDIC RESEARCH
307891357	van den Noort 2014	MEDICAL & BIOLOGICAL ENGINEERING & COMPUTING,JOURNAL OF ELECTROMYOGRAPHY AND KINESIOLOGY,JOURNAL OF BIOMECHANICS,JOURNAL OF SPORT REHABILITATION,JOURNAL OF THE AMERICAN ACADEMY OF ORTHOPAEDIC SURGEONS,GAIT & POSTURE,JOURNAL OF BIOMECHANICS,SCANDINAVIAN JOURNAL OF MEDICINE & SCIENCE IN SPORTS,JOURNAL OF BIOMECHANICS,BRITISH JOURNAL OF SPORTS MEDICINE,MEDICAL & BIOLOGICAL ENGINEERING & COMPUTING,ARTHROSCOPY-THE JOURNAL OF ARTHROSCOPIC AND RELATED SURGERY,GAIT & POSTURE,GAIT & POSTURE,JOURNAL OF ATHLETIC TRAINING,JOURNAL OF ATHLETIC TRAINING,JOURNAL OF BONE AND JOINT SURGERY-AMERICAN VOLUME,JOURNAL OF ORTHOPAEDIC & SPORTS PHYSICAL THERAPY,GAIT & POSTURE,MEDICAL & BIOLOGICAL ENGINEERING & COMPUTING,GAIT & POSTURE,MEDICAL ENGINEERING & PHYSICS,JOURNAL OF BIOMECHANICS,JOURNAL OF BIOMECHANICS,JOURNAL OF CLINICAL EPIDEMIOLOGY,PHYSICAL THERAPY,JOURNAL OF BIOMECHANICS,JOURNAL OF ORTHOPAEDIC & SPORTS PHYSICAL THERAPY,2005 27TH ANNUAL INTERNATIONAL CONFERENCE OF THE IEEE ENGINEERING IN MEDICINE AND BIOLOGY SOCIETY, VOLS 1-7,ARTHROSCOPY-THE JOURNAL OF ARTHROSCOPIC AND RELATED SURGERY,JOURNAL OF SHOULDER AND ELBOW SURGERY,JOURNAL OF BIOMECHANICAL ENGINEERING-TRANSACTIONS OF THE ASME,PHYSICAL THERAPY,JOURNAL OF ORTHOPAEDIC & SPORTS PHYSICAL THERAPY,CLINICAL BIOMECHANICS,CLINICAL BIOMECHANICS,CLINICAL ORTHOPAEDICS AND RELATED RESEARCH
307891351	Vanezis 2015	JOURNAL OF ELECTROMYOGRAPHY AND KINESIOLOGY,CLINICAL BIOMECHANICS,JOURNAL OF BIOMECHANICS,JOURNAL OF BIOMECHANICS,CLINICAL ORTHOPAEDICS AND RELATED RESEARCH,RESEARCH IN DEVELOPMENTAL DISABILITIES,CLINICAL BIOMECHANICS,JOURNAL OF BIOMECHANICS,GAIT & POSTURE,GAIT & POSTURE,GAIT & POSTURE,DEVELOPMENTAL MEDICINE AND CHILD NEUROLOGY,GAIT & POSTURE,GAIT & POSTURE,GAIT & POSTURE,CLINICAL BIOMECHANICS,GAIT & POSTURE,ARCHIVES OF PHYSICAL MEDICINE AND REHABILITATION,DEVELOPMENTAL MEDICINE AND CHILD NEUROLOGY,JOURNAL OF BIOMECHANICS,JOURNAL OF PEDIATRIC ORTHOPAEDICS-PART B,CLINICAL BIOMECHANICS,GAIT & POSTURE,PEDIATRIC RESEARCH,JOURNAL OF BIOMECHANICS,JOURNAL OF STRENGTH AND CONDITIONING RESEARCH,JOURNAL OF BIOMECHANICS,GAIT & POSTURE,JOURNAL OF ORTHOPAEDIC RESEARCH
307891344	Warner 2015	BRITISH JOURNAL OF SPORTS MEDICINE,JOURNAL OF SHOULDER AND ELBOW SURGERY,JOURNAL OF SPORT REHABILITATION,HUMAN MOVEMENT SCIENCE,JOURNAL OF BIOMECHANICS,JOURNAL OF BIOMECHANICS,GAIT & POSTURE,CLINICAL BIOMECHANICS,JOURNAL OF SHOULDER AND ELBOW SURGERY,PROCEEDINGS OF THE INSTITUTION OF MECHANICAL ENGINEERS PART H-JOURNAL OF ENGINEERING IN MEDICINE,JOURNAL OF ATHLETIC TRAINING,JOURNAL OF BONE AND JOINT SURGERY-AMERICAN VOLUME,JOURNAL OF SHOULDER AND ELBOW SURGERY,JOURNAL OF BIOMECHANICS,JOURNAL OF ORTHOPAEDIC SCIENCE,JOURNAL OF ELECTROMYOGRAPHY AND KINESIOLOGY,JOURNAL OF BIOMECHANICS,CLINICAL BIOMECHANICS,GAIT & POSTURE,PHYSICAL THERAPY,JOURNAL OF REHABILITATION RESEARCH AND DEVELOPMENT,JOURNAL OF SHOULDER AND ELBOW SURGERY,JOURNAL OF BIOMECHANICAL ENGINEERING-TRANSACTIONS OF THE ASME,JOURNAL OF BIOMECHANICS,JOURNAL OF BIOMECHANICS,PHYSICAL THERAPY,CLINICAL ORTHOPAEDICS AND RELATED RESEARCH,JOURNAL OF ORTHOPAEDIC & SPORTS PHYSICAL THERAPY,CLINICAL BIOMECHANICS,JOURNAL OF BIOMECHANICAL ENGINEERING-TRANSACTIONS OF THE ASME,ARCHIVES OF PHYSICAL MEDICINE AND REHABILITATION,CLINICAL BIOMECHANICS,JOURNAL OF ORTHOPAEDIC RESEARCH,JOURNAL OF BONE AND JOINT SURGERY-AMERICAN VOLUME,ACTA ORTHOPAEDICA SCANDINAVICA,JOURNAL OF BONE AND JOINT SURGERY-AMERICAN VOLUME
307891234	Wolf 2019	SENSORS,GAIT & POSTURE,MANUAL THERAPY,JOURNAL OF BIOMECHANICS,SENSORS,JOURNAL OF OCCUPATIONAL MEDICINE AND TOXICOLOGY,PHYSIOTHERAPY,MEDICAL & BIOLOGICAL ENGINEERING & COMPUTING,CLINICAL RHEUMATOLOGY,MEDICAL & BIOLOGICAL ENGINEERING & COMPUTING,JOURNAL OF ORTHOPAEDIC & SPORTS PHYSICAL THERAPY,GAIT & POSTURE,JOURNAL OF THE AMERICAN ACADEMY OF ORTHOPAEDIC SURGEONS,JOURNAL OF SHOULDER AND ELBOW SURGERY,JOURNAL OF REHABILITATION MEDICINE,JOURNAL OF SHOULDER AND ELBOW SURGERY,MEDICAL & BIOLOGICAL ENGINEERING & COMPUTING,GAIT & POSTURE,JOURNAL OF BIOMECHANICS,CLINICAL BIOMECHANICS,JOURNAL OF BIOMECHANICS,JOURNAL OF STRENGTH AND CONDITIONING RESEARCH
307891209	Yildiz 2020	CLINICAL BIOMECHANICS,JOURNAL OF ORTHOPAEDIC & SPORTS PHYSICAL THERAPY,JOURNAL OF SHOULDER AND ELBOW SURGERY,BRITISH JOURNAL OF SPORTS MEDICINE,JOURNAL OF ORTHOPAEDIC & SPORTS PHYSICAL THERAPY,MANUAL THERAPY,JOURNAL OF APPLIED BIOMECHANICS,JOURNAL OF BIOMECHANICS,HUMAN MOVEMENT SCIENCE,JOURNAL OF ORTHOPAEDIC & SPORTS PHYSICAL THERAPY,JOURNAL OF ELECTROMYOGRAPHY AND KINESIOLOGY,JOURNAL OF REHABILITATION MEDICINE,JOURNAL OF ORTHOPAEDIC & SPORTS PHYSICAL THERAPY,JOURNAL OF BIOMECHANICS,AMERICAN JOURNAL OF SPORTS MEDICINE,JOURNAL OF BIOMECHANICS,HEALTH AND QUALITY OF LIFE OUTCOMES,PHYSICAL THERAPY,CLINICAL BIOMECHANICS,JOURNAL OF BIOMECHANICS,JOURNAL OF STRENGTH AND CONDITIONING RESEARCH,EXERCISE AND SPORT SCIENCES REVIEWS,JOURNAL OF SHOULDER AND ELBOW SURGERY,ANNALS OF INTERNAL MEDICINE,JOURNAL OF BIOMECHANICAL ENGINEERING-TRANSACTIONS OF THE ASME,JOURNAL OF ORTHOPAEDIC & SPORTS PHYSICAL THERAPY,QUALITY OF LIFE RESEARCH,PHYSICAL THERAPY,JOURNAL OF ORTHOPAEDIC RESEARCH
307891414	Zhu 2012	AMERICAN JOURNAL OF SPORTS MEDICINE,JOURNAL OF BIOMECHANICS,JOURNAL OF BONE AND JOINT SURGERY-AMERICAN VOLUME,EURASIP JOURNAL ON ADVANCES IN SIGNAL PROCESSING,ACTA ORTHOPAEDICA,ACTA ORTHOPAEDICA,JOURNAL OF SHOULDER AND ELBOW SURGERY,JOURNAL OF ORTHOPAEDIC SCIENCE,SPINE,JOURNAL OF SHOULDER AND ELBOW SURGERY,CLINICAL BIOMECHANICS,AMERICAN JOURNAL OF SPORTS MEDICINE,JOURNAL OF BIOMECHANICS,JOURNAL OF BIOMECHANICS,JOURNAL OF BIOMECHANICS,JOURNAL OF BIOMECHANICS,CLINICAL BIOMECHANICS,JOURNAL OF ORTHOPAEDIC RESEARCH,OSTEOARTHRITIS AND CARTILAGE,JOURNAL OF BIOMECHANICAL ENGINEERING-TRANSACTIONS OF THE ASME,JOURNAL OF BIOMECHANICAL ENGINEERING-TRANSACTIONS OF THE ASME,CLINICAL ORTHOPAEDICS AND RELATED RESEARCH,AMERICAN JOURNAL OF SPORTS MEDICINE,CLINICAL BIOMECHANICS,JOURNAL OF BIOMECHANICAL ENGINEERING-TRANSACTIONS OF THE ASME,JOURNAL OF BIOMECHANICAL ENGINEERING-TRANSACTIONS OF THE ASME,CLINICAL BIOMECHANICS,AMERICAN JOURNAL OF SPORTS MEDICINE,IEEE TRANSACTIONS ON MEDICAL IMAGING,JOURNAL OF MAGNETIC RESONANCE IMAGING,JOURNAL OF SHOULDER AND ELBOW SURGERY,AMERICAN JOURNAL OF SPORTS MEDICINE,JOURNAL OF BIOMECHANICS,JOURNAL OF ORTHOPAEDIC & SPORTS PHYSICAL THERAPY,SKELETAL RADIOLOGY,IEEE TRANSACTIONS ON BIOMEDICAL ENGINEERING
322526726	van den Noort 2015	JOURNAL OF MEDICAL AND BIOLOGICAL ENGINEERING,MEDICAL & BIOLOGICAL ENGINEERING & COMPUTING,MEDICAL & BIOLOGICAL ENGINEERING & COMPUTING,CLINICAL BIOMECHANICS,ACTA ORTHOPAEDICA,JOURNAL OF ELECTROMYOGRAPHY AND KINESIOLOGY,GAIT & POSTURE,JOURNAL OF BIOMECHANICS,SCANDINAVIAN JOURNAL OF MEDICINE & SCIENCE IN SPORTS,JOURNAL OF BIOMECHANICS,JOURNAL OF BIOMECHANICS,JOURNAL OF BIOMECHANICS,BRITISH JOURNAL OF SPORTS MEDICINE,JOURNAL OF ATHLETIC TRAINING,JOURNAL OF ATHLETIC TRAINING,JOURNAL OF ORTHOPAEDIC & SPORTS PHYSICAL THERAPY,GAIT & POSTURE,GAIT & POSTURE,MEDICAL & BIOLOGICAL ENGINEERING & COMPUTING,AMERICAN JOURNAL OF SPORTS MEDICINE,JOURNAL OF BIOMECHANICS,JOURNAL OF BIOMECHANICS,CLINICAL BIOMECHANICS,PHYSICAL THERAPY,CLINICAL BIOMECHANICS,IEEE TRANSACTIONS ON BIOMEDICAL ENGINEERING,CLINICAL REHABILITATION,PHYSICAL THERAPY,CLINICAL BIOMECHANICS,JOURNAL OF BIOMECHANICAL ENGINEERING-TRANSACTIONS OF THE ASME,JOURNAL OF SHOULDER AND ELBOW SURGERY,PHYSICAL THERAPY,JOURNAL OF ORTHOPAEDIC & SPORTS PHYSICAL THERAPY,CLINICAL BIOMECHANICS,CLINICAL BIOMECHANICS,CLINICAL BIOMECHANICS,CLINICAL ORTHOPAEDICS AND RELATED RESEARCH,CLINICAL ORTHOPAEDICS AND RELATED RESEARCH
